-- phpMyAdmin SQL Dump
-- version 5.2.0
-- https://www.phpmyadmin.net/
--
-- Host: 127.0.0.1
-- Generation Time: Dec 04, 2022 at 04:06 PM
-- Server version: 10.4.24-MariaDB
-- PHP Version: 8.1.6

SET SQL_MODE = "NO_AUTO_VALUE_ON_ZERO";
START TRANSACTION;
SET time_zone = "+00:00";


/*!40101 SET @OLD_CHARACTER_SET_CLIENT=@@CHARACTER_SET_CLIENT */;
/*!40101 SET @OLD_CHARACTER_SET_RESULTS=@@CHARACTER_SET_RESULTS */;
/*!40101 SET @OLD_COLLATION_CONNECTION=@@COLLATION_CONNECTION */;
/*!40101 SET NAMES utf8mb4 */;

--
-- Database: `gemastik_lightning`
--

-- --------------------------------------------------------

--
-- Table structure for table `barang`
--

CREATE TABLE IF NOT EXISTS `barang` (
  `id_barang` varchar(6) NOT NULL,
  `nama_barang` varchar(30) NOT NULL,
  `jenis_barang` enum('SNACK','MAKANAN','MINUMAN','ATK') DEFAULT NULL,
  `stok` int(5) DEFAULT NULL,
  `harga_beli` int(11) NOT NULL,
  `harga_jual` int(11) NOT NULL,
  PRIMARY KEY (`id_barang`)
) ENGINE=InnoDB DEFAULT CHARSET=utf8mb4;

--
-- Dumping data for table `barang`
--

INSERT INTO `barang` (`id_barang`, `nama_barang`, `jenis_barang`, `stok`, `harga_beli`, `harga_jual`) VALUES
('BG001', 'aqua cleo', 'MINUMAN', 70, 2000, 2500),
('BG003', 'Teh Pucuk', 'MINUMAN', 10, 2000, 4000),
('BG006', 'Indomilk', 'MINUMAN', 9, 2000, 2500),
('BG007', 'Kertas Folio', 'ATK', 317, 100, 250),
('BG008', 'Kertas Hvs', 'ATK', 634, 100, 250),
('BG009', 'Pulpen Snowman', 'ATK', 89, 1000, 2000),
('BG010', 'Spidol Hitam', 'ATK', 18, 2000, 2500),
('BG011', 'Spidol Merah', 'ATK', 53, 2000, 2500),
('BG012', 'Spidol Biru', 'ATK', 57, 2000, 2500),
('BG013', 'Yupi Candy', 'SNACK', 50, 400, 1000),
('BG014', 'Roti', 'SNACK', 74, 1500, 2000),
('BG015', 'Wafer', 'SNACK', 32, 500, 1000),
('BG016', 'Oreo Chocolate Cream', 'SNACK', 40, 1000, 2000),
('BG017', 'Indomie Goreng', 'MAKANAN', 110, 2500, 3500),
('BG018', 'Fitbar Tiramisu Snack', 'SNACK', 53, 3000, 4000),
('BG019', 'Lays  ', 'SNACK', 11, 4000, 5000),
('BG020', 'Slai Olai', 'SNACK', 36, 6000, 8000),
('BG021', 'Cadbury Chocolate', 'SNACK', 39, 8000, 10000),
('BG022', 'Beng Beng', 'SNACK', 43, 3000, 4000),
('BG023', 'Nabati Richocho Wafer', 'SNACK', 64, 2000, 3000),
('BG024', 'Choki Choki Cashnew', 'SNACK', 30, 3000, 5000),
('BG025', 'Sari Gandum', 'SNACK', 67, 4000, 5500),
('BG026', 'Nissin Crackers', 'SNACK', 68, 4000, 6000),
('BG027', 'Nabati Richeese Wafer', 'SNACK', 35, 2000, 3500),
('BG028', 'Tango Drink Berry', 'SNACK', 43, 4000, 5000),
('BG029', 'Hexos Candy', 'SNACK', 65, 5000, 6500),
('BG030', 'Pop Mie Mi Instan', 'MAKANAN', 11, 4560, 5200),
('BG031', 'Sedaap Mie Instan', 'MAKANAN', 30, 2500, 3500),
('BG032', 'Meiji Biscuit Hello Panda', 'SNACK', 23, 3000, 4500),
('BG033', 'Good Time Cookies', 'SNACK', 37, 5000, 7500),
('BG034', 'Aice Ice Cream Cookies', 'MINUMAN', 22, 5000, 6000),
('BG035', 'Madu Tj', 'MINUMAN', 35, 6000, 8000),
('BG036', 'Sedaap Mie Instant Cup', 'MAKANAN', 12, 2700, 3600),
('BG037', 'Energen Cereal', 'MINUMAN', 11, 4000, 5500),
('BG038', 'Gery Crackers Malkist', 'SNACK', 24, 2600, 3500),
('BG039', 'Kraft Sandwich Mini Oreo', 'SNACK', 21, 4000, 5000),
('BG040', 'Hollanda Gery Butter Cokkies', 'SNACK', 31, 21700, 25000),
('BG041', 'Minute Maid Juice', 'MINUMAN', 23, 4000, 5000),
('BG042', 'Mister Potato Snack', 'SNACK', 36, 4500, 6000),
('BG043', 'Kin A2 Yogurt', 'MINUMAN', 11, 4000, 5000),
('BG044', 'Qtela', 'SNACK', 8, 12000, 15000),
('BG045', 'Chitato', 'SNACK', 4, 24000, 27000),
('BG046', 'Piattos', 'SNACK', 58, 7000, 9500),
('BG047', 'Potabee', 'SNACK', 30, 8800, 10000),
('BG048', 'Kusuka', 'SNACK', 40, 13250, 14500),
('BG049', 'Tic Tac', 'SNACK', 33, 4250, 6500),
('BG050', 'Frech Fries', 'SNACK', 7, 6100, 7500),
('BG051', 'Dairy Milk', 'SNACK', 20, 7000, 9000),
('BG052', 'Silver Queen', 'SNACK', 71, 8500, 10500),
('BG054', 'Kacang Garuda Atom Pedas', 'SNACK', 36, 18800, 21000),
('BG055', 'Mister Potato Snack Crips', 'SNACK', 43, 10900, 12500),
('BG056', 'Roma Biscuit Sandwitch', 'SNACK', 52, 8000, 10000),
('BG057', 'Nextar Nastar Cookies', 'SNACK', 34, 1300, 2600),
('BG058', 'Mentos Candy', 'SNACK', 25, 3000, 4500),
('BG059', 'You C Healt Drink', 'MINUMAN', 19, 6000, 8200),
('BG060', 'Buavita Juice Jambu', 'MINUMAN', 21, 8900, 11500),
('BG061', 'Buavita Juice Orange', 'MINUMAN', 14, 8900, 11500),
('BG062', 'Buavita Juice Manggo', 'MINUMAN', 17, 8900, 11500),
('BG063', 'Minute Maid Juice Pulpy', 'MINUMAN', 12, 4000, 5000),
('BG064', 'Indomie Goreng Rasa Sate', 'MAKANAN', 24, 2900, 4000),
('BG065', 'Indomie Goreng Rasa Rendang', 'MAKANAN', 43, 3000, 4100),
('BG066', 'Indomie Goreng Rasa Pedas', 'MAKANAN', 13, 2750, 3500),
('BG067', 'Indomie Rasa Soto Spesial', 'MAKANAN', 31, 2850, 3600),
('BG068', 'Indomie Rasa Ayam Bawang', 'MAKANAN', 42, 2900, 4000),
('BG069', 'Indomie Kuliner Soto Padang', 'MAKANAN', 26, 3000, 4500),
('BG070', 'Indomie Kuliner Cakalang', 'MAKANAN', 43, 3000, 4500),
('BG071', 'Indomie Kuliner Ayam Medan', 'MAKANAN', 5, 3000, 4000),
('BG072', 'Sariroti ', 'MAKANAN', 10, 4000, 5000),
('BG073', 'Chitato', 'MAKANAN', 20, 4000, 5000),
('BG074', 'Roti Tawar', 'MAKANAN', 10, 7000, 8000),
('BG075', 'Piatoz', 'SNACK', 10, 2000, 3000);

-- --------------------------------------------------------

--
-- Table structure for table `laporan_pendapatan`
--

CREATE TABLE IF NOT EXISTS `laporan_pendapatan` (
  `id_laporan_pdptn` varchar(7) NOT NULL,
  `nama_laporan_pdptn` text DEFAULT NULL,
  `id_tr_jual` varchar(7) NOT NULL,
  `tanggal` datetime NOT NULL,
  `total_harga` int(11) NOT NULL,
  PRIMARY KEY (`id_laporan_pdptn`),
  KEY `id_tr_jual` (`id_tr_jual`)
) ENGINE=InnoDB DEFAULT CHARSET=utf8mb4;

--
-- Dumping data for table `laporan_pendapatan`
--

INSERT INTO `laporan_pendapatan` (`id_laporan_pdptn`, `nama_laporan_pdptn`, `id_tr_jual`, `tanggal`, `total_harga`) VALUES
('LPD0004', 'sok tau', 'TRJ0004', '2022-10-20 00:00:00', 15000),
('LPD0006', 'Faisal Basri membeli Indomie Goreng sebanyak 8 dengan total harga Rp. 28.000.00', 'TRJ0006', '2022-10-21 00:00:00', 28000),
('LPD0007', 'Ragil Agista Viradelha membeli Yupi sebanyak 7 dengan total harga Rp. 3.500.00', 'TRJ0007', '2022-10-21 00:00:00', 3500),
('LPD0009', 'Deky Reza Saputra membeli Wafer sebanyak 8 dengan total harga Rp. 8.000.00', 'TRJ0009', '2022-10-21 00:00:00', 8000),
('LPD0011', 'Maya Yulianti membeli Indomie Goreng sebanyak 9 dengan total harga Rp. 31.500.00', 'TRJ0011', '2022-10-21 00:00:00', 31500),
('LPD0012', 'Putri Winda Meirani membeli Indomie Goreng sebanyak 10 dengan total harga Rp. 35.000.00', 'TRJ0012', '2022-10-21 00:00:00', 35000),
('LPD0013', 'Libryana Putri Santoso membeli Indomie Goreng sebanyak 10 dengan total harga Rp. 35.000.00', 'TRJ0013', '2022-10-21 00:00:00', 35000),
('LPD0014', 'Tariza Novitasari membeli Indomie Goreng sebanyak 5 dengan total harga Rp. 17.500.00', 'TRJ0014', '2022-10-21 00:00:00', 17500),
('LPD0015', 'Andre Maulana membeli Kertas HVS sebanyak 20 dengan total harga Rp. 5.000.00', 'TRJ0015', '2022-10-21 00:00:00', 5000),
('LPD0016', 'Arfan Ardiansyah membeli Oreo sebanyak 5 dengan total harga Rp. 10.000.00', 'TRJ0016', '2022-10-21 00:00:00', 10000),
('LPD0017', 'Achmad Baihaqi membeli Indomie Goreng sebanyak 4 dengan total harga Rp. 14.000.00', 'TRJ0017', '2022-10-21 00:00:00', 14000),
('LPD0018', 'Achmad Baihaqi membeli Indomie Goreng sebanyak 161 dengan total harga Rp. 563.500.00', 'TRJ0018', '2022-10-22 00:00:00', 563500),
('LPD0020', 'Dimas Abimanyu membeli Indomie Goreng sebanyak 20 dengan total harga Rp. 70.000.00', 'TRJ0020', '2022-10-22 00:00:00', 70000),
('LPD0021', 'Muhamad Abdul Ghoni membeli Teh Pucuk sebanyak 1 dengan total harga Rp. 4.000.00', 'TRJ0021', '2022-10-22 00:00:00', 4000),
('LPD0022', 'Muh. Misbakun membeli Teh Pucuk sebanyak 9 dengan total harga Rp. 36.000.00', 'TRJ0022', '2022-10-22 00:00:00', 36000),
('LPD0026', 'Achmad Romadoni membeli Hexos Candy sebanyak 6 dengan total harga Rp. 39.000.00', 'TRJ0026', '2022-10-22 00:00:00', 39000),
('LPD0027', 'Afif Fitra Nugroho membeli Kin A2 Yogurt sebanyak 2 dengan total harga Rp. 10.000.00', 'TRJ0027', '2022-10-22 00:00:00', 10000),
('LPD0028', 'Aga Deva Kharisma membeli Buavita Juice Orange sebanyak 1 dengan total harga Rp. 11.500.00', 'TRJ0028', '2022-10-22 00:00:00', 11500),
('LPD0029', 'Ahmad Edy Syaputra membeli Indomie Kuliner Ayam Medan sebanyak 4 dengan total harga Rp. 16.000.00', 'TRJ0029', '2022-10-22 00:00:00', 16000),
('LPD0030', 'Ahmad Fauzi Waro membeli Kusuka sebanyak 1 dengan total harga Rp. 14.500.00', 'TRJ0030', '2022-10-22 00:00:00', 14500),
('LPD0031', 'Abdul Fattah Burhanuddin membeli Kertas Folio sebanyak 7 dengan total harga Rp. 1.750.00', 'TRJ0031', '2022-10-22 00:00:00', 1750),
('LPD0033', 'Achmad Romadoni membeli Chitato sebanyak 5 dengan total harga Rp. 135.000.00', 'TRJ0033', '2022-10-22 00:00:00', 135000),
('LPD0034', 'Afif Fitra Nugroho membeli Indomie Goreng Rasa Rendang sebanyak 9 dengan total harga Rp. 36.900.00', 'TRJ0034', '2022-10-22 00:00:00', 36900),
('LPD0035', 'Ahmad Edy Syaputra membeli Indomie Rasa Ayam Bawang sebanyak 6 dengan total harga Rp. 24.000.00', 'TRJ0035', '2022-10-22 00:00:00', 24000),
('LPD0036', 'Andi Wijahnu Prasetyo membeli Indomie Goreng sebanyak 5 dengan total harga Rp. 17.500.00', 'TRJ0036', '2022-10-22 00:00:00', 17500),
('LPD0037', 'Bagus Tri Aditya membeli Indomie Goreng sebanyak 1 dengan total harga Rp. 3.500.00', 'TRJ0037', '2022-10-22 00:00:00', 3500),
('LPD0038', 'Bagus Aldian Hidayat membeli Oreo Chocolate Cream sebanyak 3 dengan total harga Rp. 6.000.00', 'TRJ0038', '2022-10-22 00:00:00', 6000),
('LPD0039', 'Asep Habidin Habibi membeli Indomie Goreng sebanyak 3 dengan total harga Rp. 10.500.00', 'TRJ0039', '2022-10-22 00:00:00', 10500),
('LPD0040', 'Asep Habidin Habibi membeli Spidol Biru sebanyak 5 dengan total harga Rp. 12.500.00', 'TRJ0040', '2022-10-22 00:00:00', 12500),
('LPD0041', 'Arfan Ardiansyah membeli Sedaap Mie Instan sebanyak 1 dengan total harga Rp. 3.500.00', 'TRJ0041', '2022-10-22 00:00:00', 3500),
('LPD0042', 'Achmad Romadoni membeli Frech Fries sebanyak 4 dengan total harga Rp. 30.000.00', 'TRJ0042', '2022-10-22 00:00:00', 30000),
('LPD0045', 'Achmad Romadoni membeli Tic Tac sebanyak 5 dengan total harga Rp. 32.500.00', 'TRJ0045', '2022-10-22 00:00:00', 32500),
('LPD0047', 'Andre Maulana membeli Indomie Kuliner Ayam Medan sebanyak 2 dengan total harga Rp. 8.000.00', 'TRJ0047', '2022-10-22 00:00:00', 8000),
('LPD0048', 'Eko Agung Santoso membeli Indomie Kuliner Cakalang sebanyak 5 dengan total harga Rp. 22.500.00', 'TRJ0048', '2022-10-22 00:00:00', 22500),
('LPD0049', 'Ahmad Riyanto membeli Nissin Crackers sebanyak 1 dengan total harga Rp. 6.000.00', 'TRJ0049', '2022-10-22 00:00:00', 6000),
('LPD0050', 'Andi Wijahnu Prasetyo membeli Hexos Candy sebanyak 4 dengan total harga Rp. 26.000.00', 'TRJ0050', '2022-10-22 00:00:00', 26000),
('LPD0051', 'Asep Habidin Habibi membeli Madu Tj sebanyak 2 dengan total harga Rp. 16.000.00', 'TRJ0051', '2022-10-22 00:00:00', 16000),
('LPD0052', 'Bagas Deo Alfiano membeli Chitato sebanyak 1 dengan total harga Rp. 27.000.00', 'TRJ0052', '2022-10-22 00:00:00', 27000),
('LPD0053', 'Bagus Aldian Hidayat membeli Piattos sebanyak 1 dengan total harga Rp. 9.500.00', 'TRJ0053', '2022-10-22 00:00:00', 9500),
('LPD0054', 'Bagus Tri Aditya membeli You C Healt Drink sebanyak 2 dengan total harga Rp. 16.400.00', 'TRJ0054', '2022-10-22 00:00:00', 16400),
('LPD0055', 'Bagus Tri Aditya membeli Indomie Kuliner Soto Padang sebanyak 3 dengan total harga Rp. 13.500.00', 'TRJ0055', '2022-10-22 00:00:00', 13500),
('LPD0056', 'Bambang Tri Prasetyo membeli Indomie Kuliner Cakalang sebanyak 1 dengan total harga Rp. 4.500.00', 'TRJ0056', '2022-10-22 00:00:00', 4500),
('LPD0057', 'Bayu Ilham Samudra membeli Indomie Kuliner Ayam Medan sebanyak 2 dengan total harga Rp. 8.000.00', 'TRJ0057', '2022-10-22 00:00:00', 8000),
('LPD0060', 'Deni Yuda Mahendra membeli Indomie Goreng Rasa Sate sebanyak 3 dengan total harga Rp. 12.000.00', 'TRJ0060', '2022-10-22 00:00:00', 12000),
('LPD0062', 'Deni Yuda Mahendra membeli Indomie Kuliner Ayam Medan sebanyak 1 dengan total harga Rp. 4.000.00', 'TRJ0062', '2022-10-22 00:00:00', 4000),
('LPD0063', 'Didit Antoni membeli Minute Maid Juice Pulpy sebanyak 7 dengan total harga Rp. 35.000.00', 'TRJ0063', '2022-10-22 00:00:00', 35000),
('LPD0065', 'Dimas Abimanyu membeli Roma Biscuit Sandwitch sebanyak 1 dengan total harga Rp. 10.000.00', 'TRJ0065', '2022-10-22 00:00:00', 10000),
('LPD0066', 'Echa Candra Utama membeli Buavita Juice Orange sebanyak 1 dengan total harga Rp. 11.500.00', 'TRJ0066', '2022-10-22 00:00:00', 11500),
('LPD0067', 'Echa Candra Utama membeli Indomie Kuliner Cakalang sebanyak 4 dengan total harga Rp. 18.000.00', 'TRJ0067', '2022-10-22 00:00:00', 18000),
('LPD0068', 'Ega Rifky Prayoga membeli Indomie Kuliner Ayam Medan sebanyak 1 dengan total harga Rp. 4.000.00', 'TRJ0068', '2022-10-22 00:00:00', 4000),
('LPD0069', 'Ega Rifky Prayoga membeli Kusuka sebanyak 2 dengan total harga Rp. 29.000.00', 'TRJ0069', '2022-10-22 00:00:00', 29000),
('LPD0070', 'Eko Agung Santoso membeli Silver Queen sebanyak 1 dengan total harga Rp. 10.500.00', 'TRJ0070', '2022-10-22 00:00:00', 10500),
('LPD0071', 'Elvira Nanda Julia membeli Kacang Garuda Atom Pedas sebanyak 1 dengan total harga Rp. 21.000.00', 'TRJ0071', '2022-10-22 00:00:00', 21000),
('LPD0072', 'Faiz Lailli Alqurnia membeli Chitato sebanyak 3 dengan total harga Rp. 81.000.00', 'TRJ0072', '2022-10-22 00:00:00', 81000),
('LPD0073', 'Faizal Dwi Pratama membeli Qtela sebanyak 3 dengan total harga Rp. 45.000.00', 'TRJ0073', '2022-10-22 00:00:00', 45000),
('LPD0074', 'Fajar Supriyanto membeli Qtela sebanyak 2 dengan total harga Rp. 30.000.00', 'TRJ0074', '2022-10-22 00:00:00', 30000),
('LPD0075', 'Farel Kurniawan membeli Kusuka sebanyak 2 dengan total harga Rp. 29.000.00', 'TRJ0075', '2022-10-22 00:00:00', 29000),
('LPD0076', 'Farel Kurniawan membeli Kusuka sebanyak 1 dengan total harga Rp. 14.500.00', 'TRJ0076', '2022-10-22 00:00:00', 14500),
('LPD0077', 'Febri Setiawan membeli Frech Fries sebanyak 2 dengan total harga Rp. 15.000.00', 'TRJ0077', '2022-10-22 00:00:00', 15000),
('LPD0078', 'Feby Ayu Dyah Pitaloka membeli Dairy Milk sebanyak 1 dengan total harga Rp. 9.000.00', 'TRJ0078', '2022-10-22 00:00:00', 9000),
('LPD0080', 'Firdhaus Aprileo Prasetiyo membeli Mister Potato Snack Crips sebanyak 1 dengan total harga Rp. 12.500.00', 'TRJ0080', '2022-10-22 00:00:00', 12500),
('LPD0081', 'Firdhaus Aprileo Prasetiyo membeli Roma Biscuit Sandwitch sebanyak 1 dengan total harga Rp. 10.000.00', 'TRJ0081', '2022-10-22 00:00:00', 10000),
('LPD0082', 'Galih Priyanggara membeli Minute Maid Juice Pulpy sebanyak 2 dengan total harga Rp. 10.000.00', 'TRJ0082', '2022-10-22 00:00:00', 10000),
('LPD0083', 'George Walker Cristian Nebangka membeli Kacang Garuda Atom Pedas sebanyak 5 dengan total harga Rp. 105.000.00', 'TRJ0083', '2022-10-22 00:00:00', 105000),
('LPD0084', 'Gilang Nur Fauzi membeli Nextar Nastar Cookies sebanyak 8 dengan total harga Rp. 20.800.00', 'TRJ0084', '2022-10-22 00:00:00', 20800),
('LPD0085', 'Gita Sania Sallsa Billa membeli Kacang Garuda Atom Pedas sebanyak 4 dengan total harga Rp. 84.000.00', 'TRJ0085', '2022-10-22 00:00:00', 84000),
('LPD0086', 'Habib Dwi Febriansyah membeli Chitato sebanyak 15 dengan total harga Rp. 405.000.00', 'TRJ0086', '2022-10-22 00:00:00', 405000),
('LPD0087', 'Gita Sania Sallsa Billa membeli Hollanda Gery Butter Cokkies sebanyak 5 dengan total harga Rp. 125.000.00', 'TRJ0087', '2022-10-22 00:00:00', 125000),
('LPD0088', 'Hendro Wawan Setiyo membeli Mister Potato Snack sebanyak 6 dengan total harga Rp. 36.000.00', 'TRJ0088', '2022-10-22 00:00:00', 36000),
('LPD0089', 'Ilham Adinata membeli Hollanda Gery Butter Cokkies sebanyak 6 dengan total harga Rp. 150.000.00', 'TRJ0089', '2022-10-22 00:00:00', 150000),
('LPD0090', 'Imam Khoiri membeli Kin A2 Yogurt sebanyak 3 dengan total harga Rp. 15.000.00', 'TRJ0090', '2022-10-22 00:00:00', 15000),
('LPD0091', 'Ine Octa Firmana Putri membeli Kin A2 Yogurt sebanyak 1 dengan total harga Rp. 5.000.00', 'TRJ0091', '2022-10-22 00:00:00', 5000),
('LPD0092', 'Iqbal Dwi Irawan membeli Kin A2 Yogurt sebanyak 1 dengan total harga Rp. 5.000.00', 'TRJ0092', '2022-10-22 00:00:00', 5000),
('LPD0093', 'Kurniawati membeli Mister Potato Snack sebanyak 3 dengan total harga Rp. 18.000.00', 'TRJ0093', '2022-10-22 00:00:00', 18000),
('LPD0094', 'Ega Rifky Prayoga membeli Hollanda Gery Butter Cokkies sebanyak 3 dengan total harga Rp. 75.000.00', 'TRJ0094', '2022-10-22 00:00:00', 75000),
('LPD0098', 'Muhammad Abdul Lathif Arrohman membeli Indomie Goreng sebanyak 7 dengan total harga Rp. 24,500.00', 'TRJ0098', '2022-10-23 00:00:00', 24500),
('LPD0099', 'Abdul Fattah Burhanuddin membeli Kertas HVS sebanyak 5 dengan total harga Rp. 1,250.00', 'TRJ0099', '2022-10-23 00:00:00', 1250),
('LPD0100', 'Achmad Romadoni membeli Kertas Folio sebanyak 3 dengan total harga Rp. 750.00', 'TRJ0100', '2022-10-23 00:00:00', 750),
('LPD0102', 'Abdul Fattah Burhanuddin membeli Indomilk sebanyak 3 dengan total harga Rp. 7,500.00', 'TRJ0102', '2022-10-23 00:00:00', 7500),
('LPD0104', 'Abdul Fattah Burhanuddin membeli Sprite sebanyak 1 dengan total harga Rp. 4,000.00', 'TRJ0104', '2022-11-15 00:00:00', 4000),
('LPD0105', 'Afif Fitra Nugroho membeli Sprite sebanyak 6 dengan total harga Rp. 24,000.00', 'TRJ0105', '2022-11-22 00:00:00', 24000),
('LPD0106', 'Achmad Romadoni membeli Kertas Folio sebanyak 1 dengan total harga Rp. 250.00', 'TRJ0106', '2022-11-28 00:00:00', 250),
('LPD0107', 'Ahmad Edy Syaputra membeli Kertas Hvs sebanyak 6 dengan total harga Rp. 1,500.00', 'TRJ0107', '2022-11-28 00:00:00', 1500),
('LPD0108', 'Ahmad Edy Syaputra membeli Pulpen Snowman sebanyak 1 dengan total harga Rp. 2,000.00', 'TRJ0108', '2022-11-28 00:00:00', 2000),
('LPD0109', 'Achmad Romadoni membeli Kertas Folio sebanyak 7 dengan total harga Rp. 1,750.00', 'TRJ0109', '2022-11-29 00:00:00', 1750),
('LPD0111', 'Ahmad Fauzi Waro membeli Indomilk sebanyak 4 dengan total harga Rp. 10,000.00', 'TRJ0111', '2022-11-29 00:00:00', 10000),
('LPD0113', 'Abdul Fattah Burhanuddin membeli Indomilk sebanyak 1 dengan total harga Rp. 2,500.00', 'TRJ0113', '2022-11-30 00:00:00', 2500),
('LPD0114', 'Ahmad Riyanto membeli Spidol Biru sebanyak 1 dengan total harga Rp. 2,500.00', 'TRJ0114', '2022-11-30 00:00:00', 2500),
('LPD0115', 'Achmad Romadoni membeli Teh Pucuk sebanyak 3 dengan total harga Rp. 12,000.00', 'TRJ0115', '2022-12-01 00:00:00', 12000),
('LPD0116', 'Achmad Romadoni membeli Spidol Hitam sebanyak 1 dengan total harga Rp. 2,500.00', 'TRJ0116', '2022-12-01 00:00:00', 2500),
('LPD0117', 'Bagas Deo Alfiano membeli Cadbury Chocolate sebanyak 1 dengan total harga Rp. 10,000.00', 'TRJ0117', '2022-12-01 00:00:00', 10000),
('LPD0119', 'Ine Octa Firmana Putri membeli Spidol Hitam sebanyak 1 dengan total harga Rp. 2,500.00', 'TRJ0119', '2022-12-01 00:00:00', 2500),
('LPD0120', 'Afif Fitra Nugroho membeli Indomilk sebanyak 4 dengan total harga Rp. 10,000.00', 'TRJ0120', '2022-12-02 00:00:00', 10000),
('LPD0121', 'Abdul Fattah Burhanuddin membeli Indomilk sebanyak 4 dengan total harga Rp. 10,000.00', 'TRJ0121', '2022-12-02 00:00:00', 10000),
('LPD0122', 'Ahmad Edy Syaputra membeli Indomilk sebanyak 6 dengan total harga Rp. 15,000.00', 'TRJ0122', '2022-12-02 00:00:00', 15000),
('LPD0123', 'Achmad Romadoni membeli Spidol Merah sebanyak 1 dengan total harga Rp. 2,500.00', 'TRJ0123', '2022-12-04 00:00:00', 2500),
('LPD0124', 'Ahmad Fauzi Waro membeli Pulpen Snowman sebanyak 5 dengan total harga Rp. 10,000.00', 'TRJ0124', '2022-12-04 13:18:23', 10000),
('LPD0125', 'Afif Fitra Nugroho membeli aqua cleo sebanyak 10 dengan total harga Rp. 25,000.00', 'TRJ0125', '2022-12-04 21:38:33', 25000);

-- --------------------------------------------------------

--
-- Table structure for table `laporan_pengeluaran`
--

CREATE TABLE IF NOT EXISTS `laporan_pengeluaran` (
  `id_laporan_pglrn` varchar(7) NOT NULL,
  `nama_laporan_pglrn` text DEFAULT NULL,
  `id_tr_beli` varchar(7) NOT NULL,
  `tanggal` datetime NOT NULL,
  `total_harga` int(11) NOT NULL,
  PRIMARY KEY (`id_laporan_pglrn`),
  KEY `id_tr_beli` (`id_tr_beli`)
) ENGINE=InnoDB DEFAULT CHARSET=utf8mb4;

--
-- Dumping data for table `laporan_pengeluaran`
--

INSERT INTO `laporan_pengeluaran` (`id_laporan_pglrn`, `nama_laporan_pglrn`, `id_tr_beli`, `tanggal`, `total_harga`) VALUES
('LPG0009', 'Atilah Lazuardi Azra membeli Indomie Goreng sebanyak 30 dengan total harga Rp. 75.000.00', 'TRB0009', '2022-10-22 00:00:00', 75000),
('LPG0010', 'Moch. Rifaul Ardiyanto membeli Fitbar Tiramisu Snack sebanyak 5 dengan total harga Rp. 15.000.00', 'TRB0010', '2022-10-22 00:00:00', 15000),
('LPG0011', 'Syafrizal Wd Mahendra membeli Lays   sebanyak 10 dengan total harga Rp. 40.000.00', 'TRB0011', '2022-10-22 00:00:00', 40000),
('LPG0013', 'Syamaidzar Adani Syah membeli Kertas Folio sebanyak 5 dengan total harga Rp. 500.00', 'TRB0013', '2022-10-22 00:00:00', 500),
('LPG0014', 'Septian Yoga Pamungkas membeli Fitbar Tiramisu Snack sebanyak 15 dengan total harga Rp. 45.000.00', 'TRB0014', '2022-10-22 00:00:00', 45000),
('LPG0015', 'Farid Kurniawan membeli Slai Olai sebanyak 10 dengan total harga Rp. 60.000.00', 'TRB0015', '2022-10-22 00:00:00', 60000),
('LPG0016', 'Muhamad Sugeng Cahyono membeli Cadbury Chocolate sebanyak 10 dengan total harga Rp. 80.000.00', 'TRB0016', '2022-10-22 00:00:00', 80000),
('LPG0017', 'Wisudawan Siburian membeli Beng Beng sebanyak 20 dengan total harga Rp. 60.000.00', 'TRB0017', '2022-10-22 00:00:00', 60000),
('LPG0018', 'Wahyu Bagas Prastyo membeli Nabati Richocho Wafer sebanyak 50 dengan total harga Rp. 100.000.00', 'TRB0018', '2022-10-22 00:00:00', 100000),
('LPG0019', 'Pramudya Putra Pratama membeli Sari Gandum sebanyak 5 dengan total harga Rp. 20.000.00', 'TRB0019', '2022-10-22 00:00:00', 20000),
('LPG0020', 'Andhung Gusti Wulang Kusuma membeli Slai Olai sebanyak 25 dengan total harga Rp. 150.000.00', 'TRB0020', '2022-10-22 00:00:00', 150000),
('LPG0021', 'Widyasari Raisya Salsabilla membeli Buavita Juice Orange sebanyak 15 dengan total harga Rp. 133.500.00', 'TRB0021', '2022-10-22 00:00:00', 133500),
('LPG0022', 'Shela Wahyu Nur Widodo membeli Buavita Juice Manggo sebanyak 16 dengan total harga Rp. 142.400.00', 'TRB0022', '2022-10-22 00:00:00', 142400),
('LPG0023', 'Rurin Nur Haliza membeli Minute Maid Juice Pulpy sebanyak 20 dengan total harga Rp. 80.000.00', 'TRB0023', '2022-10-22 00:00:00', 80000),
('LPG0024', 'Ninik Yuniarsih membeli Mister Potato Snack sebanyak 15 dengan total harga Rp. 67.500.00', 'TRB0024', '2022-10-22 00:00:00', 67500),
('LPG0025', 'Renaldi Endrawan membeli Kin A2 Yogurt sebanyak 17 dengan total harga Rp. 68.000.00', 'TRB0025', '2022-10-22 00:00:00', 68000),
('LPG0026', 'Suprianto membeli Piattos sebanyak 28 dengan total harga Rp. 196.000.00', 'TRB0026', '2022-10-22 00:00:00', 196000),
('LPG0027', 'Ananda Dwi Ariano membeli Potabee sebanyak 29 dengan total harga Rp. 255.200.00', 'TRB0027', '2022-10-22 00:00:00', 255200),
('LPG0028', 'Erdi Septa Wahyu Pratama membeli Chitato sebanyak 5 dengan total harga Rp. 120.000.00', 'TRB0028', '2022-10-22 00:00:00', 120000),
('LPG0029', 'Ridwan Alhakim membeli Qtela sebanyak 12 dengan total harga Rp. 144.000.00', 'TRB0029', '2022-10-22 00:00:00', 144000),
('LPG0030', 'Fadillah Wahyu Nugraha membeli Minute Maid Juice sebanyak 22 dengan total harga Rp. 88.000.00', 'TRB0030', '2022-10-22 00:00:00', 88000),
('LPG0033', 'Moch. Alvian Hidayatulloh membeli Indomie Kuliner Ayam Medan sebanyak 14 dengan total harga Rp. 42.000.00', 'TRB0033', '2022-10-22 00:00:00', 42000),
('LPG0034', 'Moch. Rifaul Ardiyanto membeli Frech Fries sebanyak 12 dengan total harga Rp. 73.200.00', 'TRB0034', '2022-10-22 00:00:00', 73200),
('LPG0036', 'Syafrizal Wd Mahendra membeli Teh Pucuk sebanyak 10 dengan total harga Rp. 30.000.00', 'TRB0036', '2022-10-22 00:00:00', 30000),
('LPG0037', 'Moch. Alvian Hidayatulloh membeli Nissin Crackers sebanyak 1 dengan total harga Rp. 4.000.00', 'TRB0037', '2022-10-22 00:00:00', 4000),
('LPG0038', 'Moch. Alvian Hidayatulloh membeli Pop Mie Mi Instan sebanyak 10 dengan total harga Rp. 45.600.00', 'TRB0038', '2022-10-22 00:00:00', 45600),
('LPG0039', 'Moch. Alvian Hidayatulloh membeli Sedaap Mie Instant Cup sebanyak 11 dengan total harga Rp. 29.700.00', 'TRB0039', '2022-10-22 00:00:00', 29700),
('LPG0040', 'Moch. Alvian Hidayatulloh membeli Energen Cereal sebanyak 10 dengan total harga Rp. 40.000.00', 'TRB0040', '2022-10-22 00:00:00', 40000),
('LPG0042', 'Ninik Yuniarsih membeli Kertas Folio sebanyak 26 dengan total harga Rp. 2.600.00', 'TRB0042', '2022-10-22 00:00:00', 2600),
('LPG0043', 'Renaldi Endrawan membeli Kertas HVS sebanyak 21 dengan total harga Rp. 2.100.00', 'TRB0043', '2022-10-22 00:00:00', 2100),
('LPG0044', 'Fadillah Wahyu Nugraha membeli Kertas HVS sebanyak 40 dengan total harga Rp. 4.000.00', 'TRB0044', '2022-10-22 00:00:00', 4000),
('LPG0045', 'Shela Wahyu Nur Widodo membeli Hollanda Gery Butter Cokkies sebanyak 20 dengan total harga Rp. 434.000.00', 'TRB0045', '2022-10-22 00:00:00', 434000),
('LPG0046', 'Andhung Gusti Wulang Kusuma membeli Kraft Sandwich Mini Oreo sebanyak 20 dengan total harga Rp. 80.000.00', 'TRB0046', '2022-10-22 00:00:00', 80000),
('LPG0047', 'Farid Kurniawan membeli Mister Potato Snack sebanyak 13 dengan total harga Rp. 58.500.00', 'TRB0047', '2022-10-22 00:00:00', 58500),
('LPG0048', 'Syafrizal Wd Mahendra membeli Indomilk sebanyak 8 dengan total harga Rp. 16.000.00', 'TRB0048', '2022-10-22 00:00:00', 16000),
('LPG0049', 'Septian Yoga Pamungkas membeli Kertas HVS sebanyak 28 dengan total harga Rp. 2.800.00', 'TRB0049', '2022-10-22 00:00:00', 2800),
('LPG0051', 'Syafrizal Wd Mahendra membeli Sprite sebanyak 15 dengan total harga Rp. 45.000.00', 'TRB0051', '2022-10-22 00:00:00', 45000),
('LPG0052', 'Syamaidzar Adani Syah membeli Teh Pucuk sebanyak 10 dengan total harga Rp. 30.000.00', 'TRB0052', '2022-10-22 00:00:00', 30000),
('LPG0053', 'Syamaidzar Adani Syah membeli Indomilk sebanyak 14 dengan total harga Rp. 28.000.00', 'TRB0053', '2022-10-22 00:00:00', 28000),
('LPG0054', 'Syamaidzar Adani Syah membeli Indomie Goreng sebanyak 15 dengan total harga Rp. 37.500.00', 'TRB0054', '2022-10-22 00:00:00', 37500),
('LPG0055', 'Septian Yoga Pamungkas membeli Kertas HVS sebanyak 44 dengan total harga Rp. 4.400.00', 'TRB0055', '2022-10-22 00:00:00', 4400),
('LPG0056', 'Septian Yoga Pamungkas membeli Sedaap Mie Instan sebanyak 17 dengan total harga Rp. 42.500.00', 'TRB0056', '2022-10-22 00:00:00', 42500),
('LPG0057', 'Atilah Lazuardi Azra membeli Meiji Biscuit Hello Panda sebanyak 22 dengan total harga Rp. 66.000.00', 'TRB0057', '2022-10-22 00:00:00', 66000),
('LPG0058', 'Pramudya Putra Pratama membeli Hexos Candy sebanyak 8 dengan total harga Rp. 40.000.00', 'TRB0058', '2022-10-22 00:00:00', 40000),
('LPG0059', 'Widyasari Raisya Salsabilla membeli Tango Drink Berry sebanyak 16 dengan total harga Rp. 64.000.00', 'TRB0059', '2022-10-22 00:00:00', 64000),
('LPG0060', 'Muhamad Sugeng Cahyono membeli Nabati Richeese Wafer sebanyak 34 dengan total harga Rp. 68.000.00', 'TRB0060', '2022-10-22 00:00:00', 68000),
('LPG0061', 'Wisudawan Siburian membeli Beng Beng sebanyak 22 dengan total harga Rp. 66.000.00', 'TRB0061', '2022-10-22 00:00:00', 66000),
('LPG0062', 'Wahyu Bagas Prastyo membeli Nabati Richocho Wafer sebanyak 13 dengan total harga Rp. 26.000.00', 'TRB0062', '2022-10-22 00:00:00', 26000),
('LPG0064', 'Renaldi Endrawan membeli Kertas Folio sebanyak 111 dengan total harga Rp. 11.100.00', 'TRB0064', '2022-10-22 00:00:00', 11100),
('LPG0065', 'Erdi Septa Wahyu Pratama membeli Sari Gandum sebanyak 62 dengan total harga Rp. 248.000.00', 'TRB0065', '2022-10-22 00:00:00', 248000),
('LPG0066', 'Ridwan Alhakim membeli Nissin Crackers sebanyak 1 dengan total harga Rp. 4.000.00', 'TRB0066', '2022-10-22 00:00:00', 4000),
('LPG0067', 'Ridwan Alhakim membeli Nissin Crackers sebanyak 40 dengan total harga Rp. 160.000.00', 'TRB0067', '2022-10-22 00:00:00', 160000),
('LPG0068', 'Ninik Yuniarsih membeli Nissin Crackers sebanyak 30 dengan total harga Rp. 120.000.00', 'TRB0068', '2022-10-22 00:00:00', 120000),
('LPG0069', 'Pramudya Putra Pratama membeli Choki Choki Cashnew sebanyak 29 dengan total harga Rp. 87.000.00', 'TRB0069', '2022-10-22 00:00:00', 87000),
('LPG0070', 'Ananda Dwi Ariano membeli Hexos Candy sebanyak 22 dengan total harga Rp. 110.000.00', 'TRB0070', '2022-10-22 00:00:00', 110000),
('LPG0071', 'Muhamad Sugeng Cahyono membeli Hexos Candy sebanyak 23 dengan total harga Rp. 115.000.00', 'TRB0071', '2022-10-22 00:00:00', 115000),
('LPG0072', 'Muhamad Sugeng Cahyono membeli Hexos Candy sebanyak 21 dengan total harga Rp. 105.000.00', 'TRB0072', '2022-10-22 00:00:00', 105000),
('LPG0073', 'Wisudawan Siburian membeli Aice Ice Cream Cookies sebanyak 21 dengan total harga Rp. 105.000.00', 'TRB0073', '2022-10-22 00:00:00', 105000),
('LPG0074', 'Wisudawan Siburian membeli Good Time Cookies sebanyak 6 dengan total harga Rp. 30.000.00', 'TRB0074', '2022-10-22 00:00:00', 30000),
('LPG0075', 'Andhung Gusti Wulang Kusuma membeli Madu Tj sebanyak 16 dengan total harga Rp. 96.000.00', 'TRB0075', '2022-10-22 00:00:00', 96000),
('LPG0076', 'Atilah Lazuardi Azra membeli Madu Tj sebanyak 12 dengan total harga Rp. 72.000.00', 'TRB0076', '2022-10-22 00:00:00', 72000),
('LPG0077', 'Muhamad Sugeng Cahyono membeli Good Time Cookies sebanyak 16 dengan total harga Rp. 80.000.00', 'TRB0077', '2022-10-22 00:00:00', 80000),
('LPG0078', 'Muhamad Sugeng Cahyono membeli Kertas Folio sebanyak 67 dengan total harga Rp. 6.700.00', 'TRB0078', '2022-10-22 00:00:00', 6700),
('LPG0079', 'Muhamad Sugeng Cahyono membeli Spidol Merah sebanyak 34 dengan total harga Rp. 68.000.00', 'TRB0079', '2022-10-22 00:00:00', 68000),
('LPG0080', 'Wahyu Bagas Prastyo membeli Roti sebanyak 20 dengan total harga Rp. 30.000.00', 'TRB0080', '2022-10-22 00:00:00', 30000),
('LPG0081', 'Rurin Nur Haliza membeli Hollanda Gery Butter Cokkies sebanyak 24 dengan total harga Rp. 520.800.00', 'TRB0081', '2022-10-22 00:00:00', 520800),
('LPG0083', 'Widyasari Raisya Salsabilla membeli Indomie Kuliner Cakalang sebanyak 52 dengan total harga Rp. 156.000.00', 'TRB0083', '2022-10-22 00:00:00', 156000),
('LPG0085', 'Ridwan Alhakim membeli Indomie Kuliner Soto Padang sebanyak 28 dengan total harga Rp. 84.000.00', 'TRB0085', '2022-10-22 00:00:00', 84000),
('LPG0086', 'Suprianto membeli Indomie Rasa Ayam Bawang sebanyak 47 dengan total harga Rp. 136.300.00', 'TRB0086', '2022-10-22 00:00:00', 136300),
('LPG0087', 'Fadillah Wahyu Nugraha membeli Buavita Juice Jambu sebanyak 20 dengan total harga Rp. 178.000.00', 'TRB0087', '2022-10-22 00:00:00', 178000),
('LPG0088', 'Ananda Dwi Ariano membeli You C Healt Drink sebanyak 8 dengan total harga Rp. 48.000.00', 'TRB0088', '2022-10-22 00:00:00', 48000),
('LPG0089', 'Widyasari Raisya Salsabilla membeli Mentos Candy sebanyak 24 dengan total harga Rp. 72.000.00', 'TRB0089', '2022-10-22 00:00:00', 72000),
('LPG0090', 'Moch. Alvian Hidayatulloh membeli Sedaap Mie Instan sebanyak 13 dengan total harga Rp. 32.500.00', 'TRB0090', '2022-10-22 00:00:00', 32500),
('LPG0091', 'Syafrizal Wd Mahendra membeli Gery Crackers Malkist sebanyak 23 dengan total harga Rp. 59.800.00', 'TRB0091', '2022-10-22 00:00:00', 59800),
('LPG0092', 'Atilah Lazuardi Azra membeli Mister Potato Snack sebanyak 16 dengan total harga Rp. 72.000.00', 'TRB0092', '2022-10-22 00:00:00', 72000),
('LPG0093', 'Farid Kurniawan membeli Dairy Milk sebanyak 18 dengan total harga Rp. 126.000.00', 'TRB0093', '2022-10-22 00:00:00', 126000),
('LPG0095', 'Syamaidzar Adani Syah membeli Fitbar Tiramisu Snack sebanyak 16 dengan total harga Rp. 48.000.00', 'TRB0095', '2022-10-22 00:00:00', 48000),
('LPG0096', 'Syamaidzar Adani Syah membeli Cadbury Chocolate sebanyak 12 dengan total harga Rp. 96.000.00', 'TRB0096', '2022-10-22 00:00:00', 96000),
('LPG0097', 'Moch. Alvian Hidayatulloh membeli Madu Tj sebanyak 8 dengan total harga Rp. 48.000.00', 'TRB0097', '2022-10-22 00:00:00', 48000),
('LPG0098', 'Moch. Alvian Hidayatulloh membeli Good Time Cookies sebanyak 14 dengan total harga Rp. 70.000.00', 'TRB0098', '2022-10-22 00:00:00', 70000),
('LPG0099', 'Septian Yoga Pamungkas membeli Tango Drink Berry sebanyak 18 dengan total harga Rp. 72.000.00', 'TRB0099', '2022-10-22 00:00:00', 72000),
('LPG0100', 'Atilah Lazuardi Azra membeli Kacang Garuda Atom Pedas sebanyak 45 dengan total harga Rp. 846.000.00', 'TRB0100', '2022-10-22 00:00:00', 846000),
('LPG0101', 'Farid Kurniawan membeli Roma Biscuit Sandwitch sebanyak 53 dengan total harga Rp. 424.000.00', 'TRB0101', '2022-10-22 00:00:00', 424000),
('LPG0102', 'Pramudya Putra Pratama membeli Indomie Rasa Soto Spesial sebanyak 30 dengan total harga Rp. 85.500.00', 'TRB0102', '2022-10-22 00:00:00', 85500),
('LPG0103', 'Pramudya Putra Pratama membeli Indomie Goreng Rasa Pedas sebanyak 12 dengan total harga Rp. 33.000.00', 'TRB0103', '2022-10-22 00:00:00', 33000),
('LPG0104', 'Pramudya Putra Pratama membeli Tango Drink Berry sebanyak 8 dengan total harga Rp. 32.000.00', 'TRB0104', '2022-10-22 00:00:00', 32000),
('LPG0105', 'Andhung Gusti Wulang Kusuma membeli Cadbury Chocolate sebanyak 17 dengan total harga Rp. 136.000.00', 'TRB0105', '2022-10-22 00:00:00', 136000),
('LPG0106', 'Shela Wahyu Nur Widodo membeli Chitato sebanyak 6 dengan total harga Rp. 144.000.00', 'TRB0106', '2022-10-22 00:00:00', 144000),
('LPG0107', 'Rurin Nur Haliza membeli Chitato sebanyak 16 dengan total harga Rp. 384.000.00', 'TRB0107', '2022-10-22 00:00:00', 384000),
('LPG0108', 'Ninik Yuniarsih membeli Piattos sebanyak 30 dengan total harga Rp. 210.000.00', 'TRB0108', '2022-10-22 00:00:00', 210000),
('LPG0109', 'Rurin Nur Haliza membeli Pulpen Snowman sebanyak 55 dengan total harga Rp. 55.000.00', 'TRB0109', '2022-10-22 00:00:00', 55000),
('LPG0110', 'Rurin Nur Haliza membeli Spidol Biru sebanyak 43 dengan total harga Rp. 86.000.00', 'TRB0110', '2022-10-22 00:00:00', 86000),
('LPG0111', 'Ninik Yuniarsih membeli Roti sebanyak 21 dengan total harga Rp. 31.500.00', 'TRB0111', '2022-10-22 00:00:00', 31500),
('LPG0112', 'Ninik Yuniarsih membeli Mister Potato Snack Crips sebanyak 43 dengan total harga Rp. 468.700.00', 'TRB0112', '2022-10-22 00:00:00', 468700),
('LPG0113', 'Ninik Yuniarsih membeli Nextar Nastar Cookies sebanyak 41 dengan total harga Rp. 53.300.00', 'TRB0113', '2022-10-22 00:00:00', 53300),
('LPG0114', 'Shela Wahyu Nur Widodo membeli You C Healt Drink sebanyak 12 dengan total harga Rp. 72.000.00', 'TRB0114', '2022-10-22 00:00:00', 72000),
('LPG0115', 'Erdi Septa Wahyu Pratama membeli Kusuka sebanyak 45 dengan total harga Rp. 596.250.00', 'TRB0115', '2022-10-22 00:00:00', 596250),
('LPG0116', 'Moch. Alvian Hidayatulloh membeli Silver Queen sebanyak 71 dengan total harga Rp. 603.500.00', 'TRB0116', '2022-10-22 00:00:00', 603500),
('LPG0117', 'Renaldi Endrawan membeli Indomie Goreng Rasa Rendang sebanyak 51 dengan total harga Rp. 153.000.00', 'TRB0117', '2022-10-22 00:00:00', 153000),
('LPG0118', 'Ananda Dwi Ariano membeli Indomie Goreng Rasa Sate sebanyak 26 dengan total harga Rp. 75.400.00', 'TRB0118', '2022-10-22 00:00:00', 75400),
('LPG0119', 'Rurin Nur Haliza membeli Tic Tac sebanyak 37 dengan total harga Rp. 157.250.00', 'TRB0119', '2022-10-22 00:00:00', 157250),
('LPG0120', 'Moch. Alvian Hidayatulloh membeli Indomilk sebanyak 10 dengan total harga Rp. 20,000.00', 'TRB0120', '2022-10-23 00:00:00', 20000),
('LPG0121', 'Ninik Yuniarsih membeli Indomilk sebanyak 1 dengan total harga Rp. 2,000.00', 'TRB0121', '2022-10-23 00:00:00', 2000),
('LPG0123', 'Farid Kurniawan membeli Kertas Folio sebanyak 10 dengan total harga Rp. 1,000.00', 'TRB0123', '2022-10-23 00:00:00', 1000),
('LPG0125', 'Moch. Alvian Hidayatulloh membeli Indomilk sebanyak 11 dengan total harga Rp. 22,000.00', 'TRB0125', '2022-10-23 00:00:00', 22000),
('LPG0126', 'Syafrizal Wd Mahendra membeli Kertas Hvs sebanyak 4 dengan total harga Rp. 400.00', 'TRB0126', '2022-10-23 00:00:00', 400),
('LPG0127', 'Septian Yoga Pamungkas membeli Kertas Folio sebanyak 5 dengan total harga Rp. 500.00', 'TRB0127', '2022-10-23 00:00:00', 500),
('LPG0129', 'Erdi Septa Wahyu Pratama membeli Roti sebanyak 20 dengan total harga Rp. 30,000.00', 'TRB0129', '2022-11-08 00:00:00', 30000),
('LPG0130', 'Renaldi Endrawan membeli Fitbar Tiramisu Snack sebanyak 16 dengan total harga Rp. 48,000.00', 'TRB0130', '2022-11-08 00:00:00', 48000),
('LPG0131', 'Syafrizal Wd Mahendra membeli Kertas Folio sebanyak 4 dengan total harga Rp. 400.00', 'TRB0131', '2022-11-28 00:00:00', 400),
('LPG0132', 'Moch. Alvian Hidayatulloh membeli Kertas Hvs sebanyak 6 dengan total harga Rp. 600.00', 'TRB0132', '2022-11-28 00:00:00', 600),
('LPG0133', 'Moch. Rifaul Ardiyanto membeli Pulpen Snowman sebanyak 1 dengan total harga Rp. 1,000.00', 'TRB0133', '2022-11-28 00:00:00', 1000),
('LPG0134', 'Septian Yoga Pamungkas membeli Pulpen Snowman sebanyak 7 dengan total harga Rp. 7,000.00', 'TRB0134', '2022-11-28 00:00:00', 7000),
('LPG0135', 'Moch. Rifaul Ardiyanto membeli Kertas Hvs sebanyak 1 dengan total harga Rp. 100.00', 'TRB0135', '2022-11-28 00:00:00', 100),
('LPG0136', 'Syafrizal Wd Mahendra membeli Kertas Hvs sebanyak 5 dengan total harga Rp. 500.00', 'TRB0136', '2022-11-28 00:00:00', 500),
('LPG0137', 'Syafrizal Wd Mahendra membeli Indomilk sebanyak 1 dengan total harga Rp. 2,000.00', 'TRB0137', '2022-11-28 00:00:00', 2000),
('LPG0138', 'Moch. Alvian Hidayatulloh membeli Pulpen Snowman sebanyak 8 dengan total harga Rp. 8,000.00', 'TRB0138', '2022-11-28 00:00:00', 8000),
('LPG0139', 'Muhamad Sugeng Cahyono membeli Indomilk sebanyak 6 dengan total harga Rp. 12,000.00', 'TRB0139', '2022-11-29 00:00:00', 12000),
('LPG0140', 'Syafrizal Wd Mahendra membeli Kertas Hvs sebanyak 11 dengan total harga Rp. 1,100.00', 'TRB0140', '2022-11-29 00:00:00', 1100),
('LPG0141', 'Syamaidzar Adani Syah membeli Teh Pucuk sebanyak 2 dengan total harga Rp. 6,000.00', 'TRB0141', '2022-11-30 00:00:00', 6000),
('LPG0144', 'Syafrizal Wd Mahendra membeli Indomilk sebanyak 4 dengan total harga Rp. 8,000.00', 'TRB0144', '2022-12-02 00:00:00', 8000),
('LPG0145', 'Moch. Rifaul Ardiyanto membeli Indomie Goreng sebanyak 10 dengan total harga Rp. 25,000.00', 'TRB0145', '2022-12-02 00:00:00', 25000),
('LPG0146', 'Syafrizal Wd Mahendra membeli Kertas Folio sebanyak 5 dengan total harga Rp. 500.00', 'TRB0146', '2022-12-04 00:00:00', 500),
('LPG0147', 'Syafrizal Wd Mahendra membeli aqua cleo sebanyak 5 dengan total harga Rp. 10,000.00', 'TRB0147', '2022-12-04 00:00:00', 10000),
('LPG0148', 'Moch. Rifaul Ardiyanto membeli aqua cleo sebanyak 10 dengan total harga Rp. 20,000.00', 'TRB0148', '2022-12-04 00:00:00', 20000),
('LPG0149', 'Syafrizal Wd Mahendra membeli Kertas Hvs sebanyak 5 dengan total harga Rp. 500.00', 'TRB0149', '2022-12-04 13:16:41', 500),
('LPG0150', 'Moch. Alvian Hidayatulloh membeli aqua cleo sebanyak 5 dengan total harga Rp. 10,000.00', 'TRB0150', '2022-12-04 20:59:05', 10000),
('LPG0151', 'Moch. Alvian Hidayatulloh membeli aqua cleo sebanyak 10 dengan total harga Rp. 20,000.00', 'TRB0151', '2022-12-04 21:07:02', 20000),
('LPG0152', 'Syafrizal Wd Mahendra membeli Indomilk sebanyak 5 dengan total harga Rp. 10,000.00', 'TRB0152', '2022-12-04 21:07:46', 10000),
('LPG0153', 'Moch. Alvian Hidayatulloh membeli Indomilk sebanyak 5 dengan total harga Rp. 10,000.00', 'TRB0153', '2022-12-04 21:13:56', 10000),
('LPG0154', 'Moch. Rifaul Ardiyanto membeli Spidol Hitam sebanyak 10 dengan total harga Rp. 20,000.00', 'TRB0154', '2022-12-04 21:14:47', 20000),
('LPG0157', 'Septian Yoga Pamungkas membeli aqua cleo sebanyak 10 dengan total harga Rp. 20,000.00', 'TRB0157', '2022-12-04 21:30:42', 20000),
('LPG0158', 'Syafrizal Wd Mahendra membeli Spidol Hitam sebanyak 5 dengan total harga Rp. 10,000.00', 'TRB0158', '2022-12-04 21:36:11', 10000),
('LPG0159', 'Syafrizal Wd Mahendra membeli Teh Pucuk sebanyak 10 dengan total harga Rp. 20,000.00', 'TRB0159', '2022-12-04 21:39:54', 20000),
('LPG0160', 'Syafrizal Wd Mahendra membeli Kertas Folio sebanyak 5 dengan total harga Rp. 500.00', 'TRB0160', '2022-12-04 21:50:53', 500),
('LPG0161', 'Syamaidzar Adani Syah membeli Indomilk sebanyak 6 dengan total harga Rp. 12,000.00', 'TRB0161', '2022-12-04 21:52:24', 12000);

-- --------------------------------------------------------

--
-- Table structure for table `pembeli`
--

CREATE TABLE IF NOT EXISTS `pembeli` (
  `id_pembeli` varchar(5) NOT NULL,
  `nama_pembeli` varchar(50) NOT NULL,
  `no_telp` varchar(15) DEFAULT NULL,
  `alamat` text NOT NULL,
  KEY `id_pembeli` (`id_pembeli`)
) ENGINE=InnoDB DEFAULT CHARSET=utf8mb4;

--
-- Dumping data for table `pembeli`
--

INSERT INTO `pembeli` (`id_pembeli`, `nama_pembeli`, `no_telp`, `alamat`) VALUES
('PB001', 'Abdul Fattah Burhanuddin', '087825323132', 'Nganjuk, Indonesia'),
('PB003', 'Achmad Romadoni', '083849503086', 'Kediri, Indonesia'),
('PB004', 'Afif Fitra Nugroho', '082223490056', 'Nganjuk, Indonesia'),
('PB005', 'Aga Deva Kharisma', '089756124356', 'Nganjuk, Indonesia'),
('PB006', 'Ahmad Edy Syaputra', '082131788391', 'Kediri, Indonesia'),
('PB007', 'Ahmad Fauzi Waro', '085893072338', 'Kediri, Indonesia'),
('PB008', 'Ahmad Riyanto', '085735973607', 'Jombang, Indonesia'),
('PB009', 'Andi Wijahnu Prasetyo', '085708298074', 'Nganjuk, Indonesia'),
('PB010', 'Andre Maulana', '082231253269', 'Nganjuk, Indonesia'),
('PB011', 'Arfan Ardiansyah', '082230816950', 'Kediri, Indonesia'),
('PB012', 'Asep Habidin Habibi', '085210513845', 'Nganjuk, Indonesia'),
('PB013', 'Bagas Deo Alfiano', '085648663916', 'Nganjuk, Indonesia'),
('PB014', 'Bagus Aldian Hidayat', '085245208656', 'Nganjuk, Indonesia'),
('PB015', 'Bagus Tri Aditya', '081230229048', 'Nganjuk, Indonesia'),
('PB016', 'Bambang Tri Prasetyo', '081358308462', 'Nganjuk, Indonesia'),
('PB017', 'Bayu Ilham Samudra', '081217002468', 'Kediri, Indonesia'),
('PB018', 'Bela Agustiana', '085812116074', 'Kediri, Indonesia'),
('PB019', 'Dani Ahmad Afandi', '081234558480', 'Nganjuk, Indonesia'),
('PB020', 'Deni Yuda Mahendra', '081358333984', 'Nganjuk, Indonesia'),
('PB021', 'Didit Antoni', '087885482782', 'Nganjuk, Indonesia'),
('PB022', 'Dilla Nurisma', '085796274136', 'Kediri, Indonesia'),
('PB023', 'Dimas Abimanyu', '089612542416', 'Berau, Indonesia'),
('PB024', 'Echa Candra Utama', '085706142064', 'Kediri, Indonesia'),
('PB025', 'Ega Rifky Prayoga', '085230327799', 'Nganjuk, Indonesia'),
('PB026', 'Eko Agung Santoso', '087721809658', 'Kediri, Indonesia'),
('PB027', 'Elvira Nanda Julia', '085230646614', 'Nganjuk, Indonesia'),
('PB028', 'Ervin Tri Yunaiti', '081554983163', 'Kediri, Indonesia'),
('PB029', 'Faiz Lailli Alqurnia', '082131027123', 'Jombang, Indonesia'),
('PB030', 'Faizal Dwi Pratama', '085731873871', 'Nganjuk, Indonesia'),
('PB031', 'Fajar Supriyanto', '083845096810', 'Nganjuk, Indonesia'),
('PB032', 'Farel Kurniawan', '083850398247', 'Tegal, Indonesia'),
('PB033', 'Febri Setiawan', '085784055874', 'Nganjuk, Indonesia'),
('PB034', 'Feby Ayu Dyah Pitaloka', '082244125591', 'Nganjuk, Indonesia'),
('PB035', 'Firdhaus Aprileo Prasetiyo', '085231816357', 'Nganjuk, Indonesia'),
('PB036', 'Galih Priyanggara', '085816641250', 'Kediri, Indonesia'),
('PB037', 'George Walker Cristian Nebangka', '087759275783', 'Nganjuk, Indonesia'),
('PB038', 'Gilang Nur Fauzi', '089812459087', 'Nganjuk, Indonesia'),
('PB039', 'Gita Sania Sallsa Billa', '089516516507', 'Nganjuk, Indonesia'),
('PB040', 'Habib Dwi Febriansyah', '085708307620', 'Nganjuk, Indonesia'),
('PB041', 'Hendro Wawan Setiyo', '087770612033', 'Jombang, Indonesia'),
('PB042', 'Ilham Adinata', '085755136624', 'Nganjuk, Indonesia'),
('PB043', 'Ilham Firmansyah', '089671056706', 'Nganjuk, Indonesia'),
('PB044', 'Imam Khoiri', '082231537345', 'Nganjuk, Indonesia'),
('PB045', 'Ine Octa Firmana Putri', '0895381059784', 'Nganjuk, Indonesia'),
('PB046', 'Iqbal Dwi Irawan', '085792308976', 'Nganjuk, Indonesia'),
('PB047', 'Kurniawati', '083845886913', 'Nganjuk, Indonesia'),
('PB048', 'Lucky Rizky Pradana', '087703382480', 'Nganjuk, Indonesia'),
('PB049', 'M. Iqbal Ihya Ulumudin', '088092903423', 'Kediri, Indonesia'),
('PB050', 'M. Lutfi Ilham Mauludi', '081336785905', 'Nganjuk, Indonesia'),
('PB051', 'M. Rizal Bagus Santoso', '082142524671', 'Nganjuk, Indonesia'),
('PB052', 'M. Sukron Khalim', '085606658782', 'Nganjuk, Indonesia'),
('PB053', 'Mahendra Putra Pratama', '085655044218', 'Nganjuk, Indonesia'),
('PB054', 'Mahmud Ali', '085708128910', 'Kediri, Indonesia'),
('PB055', 'Miftakhu Rosyidin Auliya', '082333184812', 'Nganjuk, Indonesia'),
('PB056', 'Miftaqul Aripin', '085730503365', 'Kediri, Indonesia'),
('PB057', 'Misbahul Irfan Arief', '085852124851', 'Kediri, Indonesia'),
('PB058', 'Moch. Dimas Figur Awalludin', '085645307610', 'Nganjuk, Indonesia'),
('PB059', 'Moch. Imam Ghozali', '085733357535', 'Nganjuk, Indonesia'),
('PB060', 'Mochammad Abdul Azis', '089606165352', 'Nganjuk, Indonesia'),
('PB061', 'Mochammad Ferli', '081553986546', 'Nganjuk, Indonesia'),
('PB062', 'Moehammad Suryadi', '081515740792', 'Kediri, Indonesia'),
('PB063', 'Moh. Chafidz Mubashir', '081332619711', 'Nganjuk, Indonesia'),
('PB064', 'Moh. Setyoko Andi Luminto', '085858116685', 'Jombang, Indonesia'),
('PB065', 'M. Taufiqurahman', '089712457689', 'Malang, Indonesia'),
('PB066', 'Mohamad Rodzikul Hidayatulloh', '081333701932', 'Nganjuk, Indonesia'),
('PB067', 'Mohammad Nur Huda', '081515586089', 'Nganjuk, Indonesia'),
('PB068', 'Muhamad Abdul Ghoni', '083114533791', 'Nganjuk, Indonesia'),
('PB069', 'Muhamad Dzikron Zakya', '085745350524', 'Nganjuk, Indonesia'),
('PB070', 'Muhamad Helmi Khoirur Rizal', '087855568059', 'Kediri, Indonesia'),
('PB071', 'Muhammad Abdul Lathif Arrohman', '085785298631', 'Nganjuk, Indonesia'),
('PB072', 'Muhammad Alancika Junikova', '082139641927', 'Nganjuk, Indonesia'),
('PB073', 'Muhammad Khobid Maqbula', '080866456138', 'Kediri, Indonesia'),
('PB074', 'Muhammad Hafid Maulana Akbar', '088271833453', 'Kediri, Indonesia'),
('PB075', 'Muhammad Ifud Firmansyah', '084358887147', 'Kediri, Indonesia'),
('PB076', 'Muhammad Ihwan Maulana', '083676304367', 'Kediri, Indonesia'),
('PB077', 'Muhammad Naufal Alfairly', '084532460255', 'Kediri, Indonesia'),
('PB078', 'Muhammad Raihan Wicaksono', '088747465685', 'Nganjuk, Indonesia'),
('PB079', 'Muhammad Rizal Setiawan', '084050366723', 'Kediri, Indonesia'),
('PB080', 'Muhammad Rully Azri Maulana', '087471055288', 'Nganjuk, Indonesia'),
('PB081', 'Musa Maliki', '084416485867', 'Kediri, Indonesia'),
('PB082', 'Nurfita Anggaraini Rani', '086750361001', 'Kediri, Indonesia'),
('PB083', 'Rahayu Switaningtyas', '085514631613', 'Nganjuk, Indonesia'),
('PB084', 'Rahmad Ipung Jainudi', '086542513256', 'Nganjuk, Indonesia'),
('PB085', 'Raihan Dafid Pratama', '083668225804', 'Nganjuk, Indonesia'),
('PB086', 'Rathanda Galang Pradiga', '082571787678', 'Nganjuk, Indonesia'),
('PB087', 'Rengga Putro Yunianto', '088234665745', 'Nganjuk, Indonesia'),
('PB088', 'Revido Yogi Fernanda', '085153215511', 'Kediri, Indonesia'),
('PB089', 'Rexy Eka Ryan Nanda', '088670378562', 'Kediri, Indonesia'),
('PB090', 'Reza Ardhana Yullyani', '081810678003', 'Nganjuk, Indonesia'),
('PB091', 'Rico Tulus Tri Vernando', '088781688417', 'Nganjuk, Indonesia'),
('PB092', 'Ridho Bagus Setiono', '082163532158', 'Kediri, Indonesia'),
('PB093', 'Rozan Dawazzarief', '081453335424', 'Nganjuk, Indonesia'),
('PB094', 'Salsabila Firdausi', '086550316878', 'Kediri, Indonesia'),
('PB095', 'Sandi Bayu Permana', '086858384278', 'Nganjuk, Indonesia'),
('PB096', 'Sefira Safa Felisa', '083477087038', 'Nganjuk, Indonesia'),
('PB097', 'Silvia Juwitasari', '085360743024', 'Kediri, Indonesia'),
('PB098', 'Tiara Dini Purniwati', '086555477346', 'Nganjuk, Indonesia'),
('PB099', 'Vanesa Agustin', '087406705400', 'Kediri, Indonesia'),
('PB100', 'Vito Ardiansyah', '080332170405', 'Kediri, Indonesia'),
('PB101', 'Wahyu Darma Putra', '082557406707', 'Nganjuk, Indonesia'),
('PB102', 'Yanuar Arif', '085284538110', 'Nganjuk, Indonesia'),
('PB103', 'Yogi Herlambang Perdiansyah', '085076073665', 'Kediri, Indonesia'),
('PB104', 'Yoyok Putra Pratama', '084764427225', 'Kediri, Indonesia'),
('PB105', 'Zainindra Rizqy Fahreza', '082113215883', 'Nganjuk, Indonesia'),
('PB106', 'Zawalu Shamsi Romadhon', '082503546266', 'Kediri, Indonesia'),
('PB107', 'Zhafirah', '084842283313', 'Kediri, Indonesia'),
('PB108', 'Zulkarnaen Adnan Habib', '080862783614', 'Nganjuk, Indonesia'),
('PB109', 'Achmad Isnan Syahroni', '08563056428', 'Nganjuk, Indonesia'),
('PB110', 'Agil Trisnanda Putra', '085784689152', 'Nganjuk, Indonesia'),
('PB111', 'Ahmad Andi Kusuma', '081385722895', 'Nganjuk, Indonesia'),
('PB112', 'Ahmad Kevin Vicenzio', '088875835877', 'Kediri, Indonesia'),
('PB113', 'Angga Pratama Dwi Santoso', '085791186621', 'Nganjuk, Indonesia'),
('PB114', 'Anggun Eka Prinata', '081553360848', 'Kediri, Indonesia'),
('PB115', 'Ario Faris Erwanto', '085731387753', 'Nganjuk, Indonesia'),
('PB116', 'Atnan Karyanto', '082234722609', 'Nganjuk, Indonesia'),
('PB117', 'Dicky Susilo Utomo', '085895730928', 'Kediri, Indonesia'),
('PB118', 'Dimas Candra Adi Tama', '082231253285', 'Nganjuk, Indonesia'),
('PB119', 'Edwin Triono Setiawan', '082244849367', 'Nganjuk, Indonesia'),
('PB120', 'Erick Cahyo Utomo', '080157387485', 'Kediri, Indonesia'),
('PB121', 'Febri Sixca Kusshandy', '085735243243', 'Nganjuk, Indonesia'),
('PB122', 'Ferdian Abdul Aziz', '083116194432', 'Kediri, Indonesia'),
('PB123', 'Hari Prasetiyo', '082140092149', 'Nganjuk, Indonesia'),
('PB124', 'Indra Mukti', '082140080811', 'Nganjuk, Indonesia'),
('PB125', 'Irgy Ahmad Rifai', '085812933201', 'Kediri, Indonesia'),
('PB126', 'Isaac Backrie', '080507336260', 'Nganjuk, Indonesia'),
('PB127', 'Mayta Reviana', '085815235532', 'Kediri, Indonesia'),
('PB128', 'Miftah Maulana', '087886013737', 'Nganjuk, Indonesia'),
('PB129', 'Moch. Sayyid Umar', '089654770601', 'Nganjuk, Indonesia'),
('PB130', 'Moch. Zulfa Abi Maula Iba', '082333023189', 'Nganjuk, Indonesia'),
('PB131', 'Mochammad Yusuf Setiawan', '083134896597', 'Nganjuk, Indonesia'),
('PB132', 'Mohammad Bayu Andriansyah', '082237605869', 'Nganjuk, Indonesia'),
('PB133', 'Mohammad Dendi Widiono', '082230121846', 'Nganjuk, Indonesia'),
('PB134', 'Muhammad Hani Crifta Agatha', '085732195280', 'Nganjuk, Indonesia'),
('PB135', 'Muhammad Ilham Hidayat', '081232410453', 'Nganjuk, Indonesia'),
('PB136', 'Pandu Dipo Prasetyo', '085232007805', 'Surabaya, Indonesia'),
('PB137', 'Rian Prasetyo', '085853255664', 'Kediri, Indonesia'),
('PB138', 'Ricko Nur Wahyuda', '085850733970', 'Kediri, Indonesia'),
('PB139', 'Ridha Rahmawati', '081247228820', 'Jombang, Indonesia'),
('PB140', 'Taufiqa Hidayah', '085608767738', 'Nganjuk, Indonesia'),
('PB141', 'Valyra Lorenza', '085732402792', 'Jombang, Indonesia'),
('PB142', 'Wijaya Dwi Aprilianto', '085791311303', 'Nganjuk, Indonesia'),
('PB143', 'Yogi Aditya Nugroho', '080443742021', 'Nganjuk, Indonesia'),
('PB144', 'Putri Setya Difayani', '086460356514', 'Nganjuk, Indonesia'),
('PB145', 'Achmad Miftachul Akbar', '082085230137', 'Nganjuk, Indonesia'),
('PB146', 'Ahmad Shofwan Fauzi', '083471218325', 'Nganjuk, Indonesia'),
('PB147', 'Afif Muzaki Prasetyo', '081451744680', 'Nganjuk, Indonesia'),
('PB148', 'Akmal Bachtiar Alief', '088155555553', 'Nganjuk, Indonesia'),
('PB149', 'Ananda Dwi Putra Bagus Hidayatulloh', '084637142670', 'Nganjuk, Indonesia'),
('PB150', 'Anton Prasetyo Riawan', '086755564837', 'Nganjuk, Indonesia'),
('PB151', 'Dea Indi Permata Sari', '088404705857', 'Nganjuk, Indonesia'),
('PB152', 'Dessi Rahmadini', '081733401484', 'Kediri, Indonesia'),
('PB153', 'Dwi Asriansah', '084285543154', 'Nganjuk, Indonesia'),
('PB154', 'Edho Putra Pratama', '083830718153', 'Kediri, Indonesia'),
('PB155', 'Erika Kumala Sari', '082128455320', 'Kediri, Indonesia'),
('PB156', 'Faizal Qurni', '087837685338', 'Kediri, Indonesia'),
('PB157', 'Farid Maulana Syamsi', '084841171721', 'Kediri, Indonesia'),
('PB158', 'Felicia Putri Laksani', '085111061855', 'Kediri, Indonesia'),
('PB159', 'Finanda Sagita Ramadhani', '087434150667', 'Kediri, Indonesia'),
('PB160', 'Firman Rizki', '080802608042', 'Nganjuk, Indonesia'),
('PB161', 'Gilang Ridho Prasetyadi Saputra', '081162445328', 'Nganjuk, Indonesia'),
('PB162', 'Haki Pangestu', '082486580866', 'Kediri, Indonesia'),
('PB163', 'Hanna Setyaningrum', '083440455377', 'Nganjuk, Indonesia'),
('PB164', 'Hanandhio Galang Darwizy Purwanto', '086134420455', 'Kediri, Indonesia'),
('PB165', 'Mohammad Iqbal Ramadhani', '081472680016', 'Nganjuk, Indonesia'),
('PB166', 'Mohammad Nur Sifaul Qulub', '083330673158', 'Nganjuk, Indonesia'),
('PB167', 'Mohammad Yasin', '081566404548', 'Nganjuk, Indonesia'),
('PB168', 'Mohammad Zainal Abidin', '086153457236', 'Nganjuk, Indonesia'),
('PB169', 'Muhammad Jalu Sabihis', '082434713638', 'Nganjuk, Indonesia'),
('PB170', 'Muhammad Khoirun Nasikhin', '082887145367', 'Nganjuk, Indonesia'),
('PB171', 'Muhammad Zusep Arfiko', '085328675705', 'Nganjuk, Indonesia'),
('PB172', 'Ridho Dwi Prasojo', '085104337155', 'Nganjuk, Indonesia'),
('PB173', 'Rully Cahyani Angraini', '081137763160', 'Kediri, Indonesia'),
('PB174', 'Sangra Deva Yuniar', '080276465064', 'Nganjuk, Indonesia'),
('PB175', 'Satrio Kusbiyantoro', '080121011134', 'Kediri, Indonesia'),
('PB176', 'Shani Aulya Fadilah', '086015053476', 'Kediri, Indonesia'),
('PB177', 'Sultanu Ahmaddiva Hernanda', '085533160403', 'Kediri, Indonesia'),
('PB178', 'Thoriq Abimanyu', '086681850752', 'Nganjuk, Indonesia'),
('PB179', 'Wahyu Pasuryo Widodo', '080127387234', 'Kediri, Indonesia'),
('PB180', 'Wisnu Pamungkas', '080173883634', 'Kediri, Indonesia'),
('PB181', 'Abdul Ghofar Alfian', '083857478419', 'Kediri, Indonesia'),
('PB182', 'Achmad Bagas Oktavian', '0895638035068', 'Nganjuk, Indonesia'),
('PB183', 'Achmad Dahlan', '081249249338', 'Nganjuk, Indonesia'),
('PB184', 'Achmad Frendy Alfianto', '083147882542', 'Kediri, Indonesia'),
('PB185', 'Ade Putra Pamungkas', '082333174750', 'Nganjuk, Indonesia'),
('PB186', 'Adnan Habib', '088790129845', 'Nganjuk, Indonesia'),
('PB187', 'Agus Rifai', '085850626405', 'Nganjuk, Indonesia'),
('PB188', 'Ahmad Fajar Valintino', '087779212229', 'Nganjuk, Indonesia'),
('PB189', 'Ahmad Feri Nur Irfan Syah', '081336252154', 'Kediri, Indonesia'),
('PB190', 'Ahmad Karomain', '085336218410', 'Nganjuk, Indonesia'),
('PB191', 'Ahmad Rizal Firmansyah', '087818697046', 'Nganjuk, Indonesia'),
('PB192', 'Ahmad Syarifudin', '085736448649', 'Nganjuk, Indonesia'),
('PB193', 'Alfandi Yusuf Prabowo', '081991258462', 'Nganjuk, Indonesia'),
('PB194', 'Amirul Habib Alamsyah', '081336223353', 'Sidoarjo, Indonesia'),
('PB195', 'Anang Hermawan', '089087123412', 'Nganjuk, Indonesia'),
('PB196', 'Angger Tri Prayogo', '087859470309', 'Kediri, Indonesia'),
('PB197', 'Ardi Yanuwar Saputra', '082264460810', 'Nganjuk, Indonesia'),
('PB198', 'Arip Afriyanto', '085856896599', 'Nganjuk, Indonesia'),
('PB199', 'Ayoung Pebrian Jagad Pramudya', '085735664895', 'Nganjuk, Indonesia'),
('PB200', 'Cahyo Adi Purnomo', '086686053677', 'Nganjuk, Indonesia'),
('PB201', 'Bima Aditya', '089876901256', 'Nganjuk, Indonesia'),
('PB202', 'Dani Riswana', '0895395057931', 'Nganjuk, Indonesia'),
('PB203', 'Dhani Aldi Ardiansyah', '085706595022', 'Kediri, Indonesia'),
('PB204', 'Dicky Setyo Wahyudi', '087767896503', 'Nganjuk, Indonesia'),
('PB205', 'Didik Azis Prasetyo', '081259239601', 'Kediri, Indonesia'),
('PB206', 'Difa Dwi Sunarko', '087824060309', 'Nganjuk, Indonesia'),
('PB207', 'Dimas Dwi Ari Prasetyo', '0881026542584', 'Jombang, Indonesia'),
('PB208', 'Donny Anggara', '0895396119118', 'Nganjuk, Indonesia'),
('PB209', 'Dwi Sukma Indarto', '085232017805', 'Nganjuk, Indonesia'),
('PB210', 'Eric Febriansyah', '085816555034', 'Kediri, Indonesia'),
('PB211', 'Fakhrudin Fadhlurrahmad', '081580614767', 'Nganjuk, Indonesia'),
('PB212', 'Fahrul Firmansyah', '085775502026', 'Jombang, Indonesia'),
('PB213', 'Faisal Basri', '081336432979', 'Nganjuk, Indonesia'),
('PB214', 'Farid Abdul Wakhid', '085731634825', 'Nganjuk, Indonesia'),
('PB215', 'Faridlotul Nur Rozak', '085335086916', 'Kediri, Indonesia'),
('PB216', 'Febri Catur Wiijaya', '0887779851352', 'Kediri, Indonesia'),
('PB217', 'Fandi Saifudin', '083383508162', 'Nganjuk, Indonesia'),
('PB218', 'Fery Fermansyah', '081233965318', 'Kediri, Indonesia'),
('PB219', 'Galang Setiawan', '083849366589', 'Nganjuk, Indonesia'),
('PB220', 'Ginanjar Hidayatulloh', '081240395956', 'Bandung, Indonesia'),
('PB221', 'Hadi Wiranata', '0855806962974', 'Kediri, Indonesia'),
('PB222', 'Haffidz Affif Mahendra', '085606254273', 'Nganjuk, Indonesia'),
('PB223', 'Hafiz Adytama Perdana', '085790836149', 'Nganjuk, Indonesia'),
('PB224', 'Herdyan Oktaviano', '085546105428', 'Nganjuk, Indonesia'),
('PB225', 'Imam Ghozali', '085850366487', 'Kediri, Indonesia'),
('PB226', 'Iqbal Putra Oseandri', '081234437710', 'Nganjuk, Indonesia'),
('PB227', 'Irgifa Cahyono', '0895621121088', 'Nganjuk, Indonesia'),
('PB228', 'Julian Rizky Reynaldo', '08155509715', 'Kediri, Indonesia'),
('PB229', 'Kasianto', '083850041597', 'Nganjuk, Indonesia'),
('PB230', 'Kevin Ryo Junior', '0895367146209', 'Nganjuk, Indonesia'),
('PB231', 'M. Faisal Najib', '081330396983', 'Nganjuk, Indonesia'),
('PB232', 'M. Zainul Baktiar', '081328760345', 'Nganjuk, Indonesia'),
('PB233', 'Miftahul Abidin', '0895395097665', 'Nganjuk, Indonesia'),
('PB234', 'Moch. Aditya Prakoso Ramadhan', '082143220456', 'Nganjuk, Indonesia'),
('PB235', 'Moch. Rizki Dwi Putra', '085236323134', 'Nganjuk, Indonesia'),
('PB236', 'Mochamad Dwi Ansori', '088712568912', 'Nganjuk, Indonesia'),
('PB237', 'Mohamad Mauludin', '085258555539', 'Kediri, Indonesia'),
('PB238', 'Mohamad Nur Alim', '083851907614', 'Nganjuk, Indonesia'),
('PB239', 'Mohammad Dian Saputra', '087894281439', 'Nganjuk, Indonesia'),
('PB240', 'Mohammad Yufi Zika Praditya', '085782928792', 'Nganjuk, Indonesia'),
('PB241', 'Muhamad Maulana Iqbal', '085648634993', 'Nganjuk, Indonesia'),
('PB242', 'Muhamad Rizal Agustian', '082802216427', 'Nganjuk, Indonesia'),
('PB243', 'Muhammad Aditya Putra Pratama', '081259645187', 'Nganjuk, Indonesia'),
('PB244', 'Muhammad Aditya Romadhon', '085748798308', 'Nganjuk, Indonesia'),
('PB245', 'Muhammad Cholik', '085704519083', 'Nganjuk, Indonesia'),
('PB246', 'Muhammad Faqihudin', '0895706461600', 'Nganjuk, Indonesia'),
('PB247', 'Muhammad Ilham Roziqin', '085745966344', 'Nganjuk, Indonesia'),
('PB248', 'Muhammad Infijarun NiAmi', '087891519812', 'Nganjuk, Indonesia'),
('PB249', 'Muhammad Syaifurrozaqi', '085648397786', 'Jombang, Indonesia'),
('PB250', 'Muhammad Zaini', '082135456656', 'Nganjuk, Indonesia'),
('PB251', 'Muliyadi Eko Purnomo', '082338122658', 'Gresik, Indonesia'),
('PB252', 'Natanael Hepi Valentino', '082245008109', 'Nganjuk, Indonesia'),
('PB253', 'Niko Afandi', '088734025545', 'Nganjuk, Indonesia'),
('PB254', 'Nova Saputra', '083260621504', 'Nganjuk, Indonesia'),
('PB255', 'Parul Silap', '082425286680', 'Kediri, Indonesia'),
('PB256', 'Pramudya Ramadhani Putra', '084284466555', 'Nganjuk, Indonesia'),
('PB257', 'Prastio Budhi Pratama', '083483634607', 'Nganjuk, Indonesia'),
('PB258', 'R. Winetu Triantara', '080348374115', 'Kediri, Indonesia'),
('PB259', 'Ragil Agista Viradelha', '080083212545', 'Nganjuk, Indonesia'),
('PB260', 'Rendra Awang Samita', '088726851686', 'Nganjuk, Indonesia'),
('PB261', 'Revaldo Anggara Putra', '082670804213', 'Nganjuk, Indonesia'),
('PB262', 'Revina Verin Firnanda', '080660037438', 'Nganjuk, Indonesia'),
('PB263', 'Reyno Dany Prastyawam', '087676072232', 'Nganjuk, Indonesia'),
('PB264', 'Rian Aditya Ramadhani', '080032846564', 'Kediri, Indonesia'),
('PB265', 'Rio Fajar Ramadhan', '084468252733', 'Nganjuk, Indonesia'),
('PB266', 'Rizky Andika Putra', '086134471867', 'Kediri, Indonesia'),
('PB267', 'Rizal Dzakwan Adriansyah', '083872742047', 'Nganjuk, Indonesia'),
('PB268', 'Rizal Kurniawan', '086747753350', 'Kediri, Indonesia'),
('PB269', 'Rizaldi Nur Ardiansyah', '084711855470', 'Nganjuk, Indonesia'),
('PB270', 'Riski Arif', '080531005045', 'Nganjuk, Indonesia'),
('PB271', 'Risy Ardiansyah', '088865240032', 'Nganjuk, Indonesia'),
('PB272', 'Rizky Dwi Arianto', '081821101328', 'Nganjuk, Indonesia'),
('PB273', 'Rian Andika Maulana', '081015183107', 'Nganjuk, Indonesia'),
('PB274', 'Ryan Pradana Putra', '082203072218', 'Kediri, Indonesia'),
('PB275', 'Salman Putra Pratama', '081446040236', 'Nganjuk, Indonesia'),
('PB276', 'Satria Candra Prasatya', '084122741241', 'Nganjuk, Indonesia'),
('PB277', 'Septian Dwi Prakoso', '088833672873', 'Nganjuk, Indonesia'),
('PB278', 'Sukma Tantya Nevio Aruly', '086712114525', 'Nganjuk, Indonesia'),
('PB279', 'Surya Adi Saputra', '087062236174', 'Kediri, Indonesia'),
('PB280', 'Tio Ferdinan Danuarta', '084854722661', 'Kediri, Indonesia'),
('PB281', 'Valentino Akbar Mahendra', '088528044066', 'Nganjuk, Indonesia'),
('PB282', 'Vincent Maulana Prakoso', '081350820703', 'Nganjuk, Indonesia'),
('PB283', 'Vicky Latif Ramadhan', '083164222576', 'Nganjuk, Indonesia'),
('PB284', 'Wahyu Jagad Dewantoro', '086645703125', 'Nganjuk, Indonesia'),
('PB285', 'Wisnu Krisdianto', '085433152623', 'Nganjuk, Indonesia'),
('PB286', 'Yogi Syahrul Syaputra', '080548653287', 'Nganjuk, Indonesia'),
('PB287', 'Yusril Hidayat', '086306188022', 'Nganjuk, Indonesia'),
('PB288', 'Yuyun Angraini', '081164002363', 'Nganjuk, Indonesia'),
('PB289', 'Achmad Baihaqi', '085655864624', 'Jombang, Indonesia'),
('PB290', 'Ade Raihan Mahsa', '081259682086', 'Nganjuk, Indonesia'),
('PB291', 'Adelia Puteri Gita Novita Sari', '081615203010', 'Nganjuk, Indonesia'),
('PB292', 'Adetya Wardani', '085704743590', 'Nganjuk, Indonesia'),
('PB293', 'Agung Tri Laksono', '08570648376', 'Tanah Merah, Indonesia'),
('PB294', 'Ahmad Ansori', '085735652122', 'Nganjuk, Indonesia'),
('PB295', 'Ahmad Rozikul Akbar', '082338411973', 'Nganjuk, Indonesia'),
('PB296', 'Amalia Devi Fitriana', '085607628267', 'Nganjuk, Indonesia'),
('PB297', 'Ananta Eka Prayoga', '089515725360', 'Nganjuk, Indonesia'),
('PB298', 'Aning Rahma Ambar Sari', '082331087411', 'Nganjuk, Indonesia'),
('PB299', 'Arahma Handayani', '085748828559', 'Kediri, Indonesia'),
('PB300', 'Bella Alfyo Alda Yulanda', '085964163702', 'Nganjuk, Indonesia'),
('PB301', 'Cantika Dea Mareta', '087800658537', 'Sidoarjo, Indonesia'),
('PB302', 'Cindy Qaula Agustin', '085232229617', 'Kediri, Indonesia'),
('PB303', 'David Aldian Hidayat', '081235762434', 'Kediri, Indonesia'),
('PB304', 'Deky Reza Saputra', '085812402433', 'Nganjuk, Indonesia'),
('PB305', 'Dhinno Haryasena', '081233093715', 'Jombang, Indonesia'),
('PB306', 'Didin Rakfil Beniafan', '085706188701', 'Magetan, Indonesia'),
('PB307', 'Disma Eka Nurtanti', '085731296851', 'Nganjuk, Indonesia'),
('PB308', 'Diva Sabriana', '085730079688', 'Nganjuk, Indonesia'),
('PB309', 'Dwi Windarti', '081912402734', 'Kediri, Indonesia'),
('PB310', 'Elok Fadhilah Marta', '081259932335', 'Nganjuk, Indonesia'),
('PB311', 'Fadia Irsania Putri', '081554803853', 'Jombang, Indonesia'),
('PB312', 'Fahrezian Arya Bima', '082244128189', 'Bekasi, Indonesia'),
('PB313', 'Fatur Riandy', '085704569547', 'Nganjuk, Indonesia'),
('PB314', 'Fitri Nur Fadillah', '085704764188', 'Kediri, Indonesia'),
('PB315', 'Halim Bagus Perdana', '082244489775', 'Lamongan, Indonesia'),
('PB316', 'Ichsan Wahyu Ramadhan', '088403372564', 'Nganjuk, Indonesia'),
('PB317', 'Ike Handayani', '085816987905', 'Nganjuk, Indonesia'),
('PB318', 'Ilham Maulana', '087723595332', 'Kediri, Indonesia'),
('PB319', 'Inna Fatahna', '085854725344', 'Nganjuk, Indonesia'),
('PB320', 'Julia Sabrina Putri', '083854965267', 'Nganjuk, Indonesia'),
('PB321', 'Kristina Apriliya', '082244125352', 'Nganjuk, Indonesia'),
('PB322', 'M. Arifin Mustofa', '085731296773', 'Nganjuk, Indonesia'),
('PB323', 'M. Nur Kholis Chu Enk Yunani', '081936635681', 'Kediri, Indonesia'),
('PB324', 'Mar Atunnufita Sari', '085257742601', 'Nganjuk, Indonesia'),
('PB325', 'Mellyana Tundjung', '083831704093', 'Jombang, Indonesia'),
('PB326', 'Mia Indi Rahayu', '089671043342', 'Nganjuk, Indonesia'),
('PB327', 'Mohammad Istafid Fidllal Islam', '085232987961', 'Jombang, Indonesia'),
('PB328', 'Muchammad Farid', '083846543760', 'Nganjuk, Indonesia'),
('PB329', 'Muh. Raffi Ramadhan', '08995787013', 'Nganjuk, Indonesia'),
('PB330', 'Muh. Misbakun', '085843085182', 'Nganjuk, Indonesia'),
('PB331', 'Muhammad Bintang Ichtiar', '082338430418', 'Jombang, Indonesia'),
('PB332', 'Nanang Abdul Cholil', '085895390189', 'Ngawi, Indonesia'),
('PB333', 'Novita Ayu Ismawati', '081997974824', 'Nganjuk, Indonesia'),
('PB334', 'Nurul Hamidatul Ala', '082338241780', 'Nganjuk, Indonesia'),
('PB335', 'Nyiurrahma Aurora Awaliyah', '0895395058487', 'Nganjuk, Indonesia'),
('PB336', 'Pangestu Hadi Wijaya', '085890463856', 'Nganjuk, Indonesia'),
('PB337', 'Perkasa Bayu Utama', '081915657446', 'Kediri, Indonesia'),
('PB338', 'Perkasa Yuda Utama', '083857416107', 'Kediri, Indonesia'),
('PB339', 'Putri Nazila', '08977925766', 'Nganjuk, Indonesia'),
('PB340', 'Rahma Cahyani', '0895396015198', 'Kediri, Indonesia'),
('PB341', 'Rahmalia Ariani', '081335870219', 'Kediri, Indonesia'),
('PB342', 'Rangga Dimas Prayoga', '081249012905', 'Nganjuk, Indonesia'),
('PB343', 'Rangga Wahyu Irawan', '085866154500', 'Nganjuk, Indonesia'),
('PB344', 'Ravillya Shafa Ramadhani Suseno', '089505175794', 'Malang, Indonesia'),
('PB345', 'Reni Ratna Sari', '085808441752', 'Nganjuk, Indonesia'),
('PB346', 'Retno Yunita Putri', '082140435428', 'Nganjuk, Indonesia'),
('PB347', 'Rohma Darul Istiqomah', '082233845904', 'Nganjuk, Indonesia'),
('PB348', 'Septi Eka Vera Mulya Sari', '082335736705', 'Nganjuk, Indonesia'),
('PB349', 'Setyawati', '085784842048', 'Nganjuk, Indonesia'),
('PB350', 'Siska Aprilya', '085648957402', 'Nganjuk, Indonesia'),
('PB351', 'Siti Rukanah', '085780921479', 'Nganjuk, Indonesia'),
('PB352', 'Sukma Meynda Sari', '087788906914', 'Kediri, Indonesia'),
('PB353', 'Syahdhanimahes Rayendra', '082301150572', 'Kediri, Indonesia'),
('PB354', 'Ulandari Setia Ningrum', '089681159552', 'Nganjuk, Indonesia'),
('PB355', 'Vanni Dinda Prameswari', '085784093215', 'Nganjuk, Indonesia'),
('PB356', 'Wahyu Ramadhani', '081553317165', 'Nganjuk, Indonesia'),
('PB357', 'Yessi Widya Valiana', '085655453958', 'Nganjuk, Indonesia'),
('PB358', 'Yoga Kurniawan Wahyudi', '089666534148', 'Nganjuk, Indonesia'),
('PB359', 'Yovanda Alvinan Mahendra', '089525485273', 'Nganjuk, Indonesia'),
('PB360', 'Yunita Wulandari', '085812223685', 'Kediri, Indonesia'),
('PB361', 'Aditya Wahyu Nugraha', '082245407565', 'Nganjuk, Indonesia'),
('PB362', 'Agustin Wulandari', '085904354619', 'Nganjuk, Indonesia'),
('PB363', 'Aisyafah Azra Decha Maharani', '081336253413', 'Nganjuk, Indonesia'),
('PB364', 'Alya Salma Mustika', '085816970585', 'Nganjuk, Indonesia'),
('PB365', 'Alyna Ardhiya Mangesti', '085784307665', 'Nganjuk, Indonesia'),
('PB366', 'Amelia Meitasari', '082338412349', 'Nganjuk, Indonesia'),
('PB367', 'Ana Nur Septiani', '089560178985', 'Nganjuk, Indonesia'),
('PB368', 'Angela Tri Avrilya', '085731298388', 'Nganjuk, Indonesia'),
('PB369', 'Anggi Yulianti', '085608045774', 'Dumai, Indonesia'),
('PB370', 'Anisa Natalia Putri', '081559765113', 'Nganjuk, Indonesia'),
('PB371', 'Aurora Amrita Sari', '082243443814', 'Nganjuk, Indonesia'),
('PB372', 'Brielle Oriana Christyra', '083684223820', 'Nganjuk, Indonesia'),
('PB373', 'Binti Madatul Ulya', '081333007612', 'Nganjuk, Indonesia'),
('PB374', 'Cintia Dwi Permata Sari', '08977923962', 'Surabaya, Indonesia'),
('PB375', 'Defa Wahyu Saputra', '085792205883', 'Kediri, Indonesia'),
('PB376', 'Dian Puspita Sari', '085648667023', 'Nganjuk, Indonesia'),
('PB377', 'Dian Septiana', '082244669776', 'Kediri, Indonesia'),
('PB378', 'Dinda Oktaviana', '085706125482', 'Nganjuk, Indonesia'),
('PB379', 'Dita Ayu Wulandari', '085648841011', 'Nganjuk, Indonesia'),
('PB380', 'Dwi Kristanti', '089615100133', 'Kediri, Indonesia'),
('PB381', 'Eli Nopitasari', '085645410043', 'Kediri, Indonesia'),
('PB382', 'Elvina Dwi Dara Pusfita', '082131847027', 'Kediri, Indonesia'),
('PB383', 'Fadila Umi Juniarni', '085645059962', 'Nganjuk, Indonesia'),
('PB384', 'Ferdiana Ayuningtyas', '085546083841', 'Nganjuk, Indonesia'),
('PB385', 'Ferdita Ayu Kirana', '085790836706', 'Nganjuk, Indonesia'),
('PB386', 'Fildzi Hapzarini', '0895807697100', 'Nganjuk, Indonesia'),
('PB387', 'Finna Deshinta Patricia', '085859541092', 'Nganjuk, Indonesia'),
('PB388', 'Firnanda Irapuspita', '085939314864', 'Surabaya, Indonesia'),
('PB389', 'Fredy Prenandy', '085648443418', 'Nganjuk, Indonesia'),
('PB390', 'Galung Jati Waluyo', '081233781540', 'Nganjuk, Indonesia'),
('PB391', 'Hendrik Dwi Cahyo', '081339841450', 'Nganjuk, Indonesia'),
('PB392', 'Juli Sun Maulany', '085855062018', 'Nganjuk, Indonesia'),
('PB393', 'Kareenina Puspa Maharani', '085706456472', 'Nganjuk, Indonesia'),
('PB394', 'Kholifatul Khusnah', '085645118371', 'Kediri, Indonesia'),
('PB395', 'Kurnia Azizah', '081230921257', 'Kediri, Indonesia'),
('PB396', 'Lina Trisnawati Rahayu', '081232414168', 'Nganjuk, Indonesia'),
('PB397', 'Achava Bellvania Gabriele', '083665221633', 'Nganjuk, Indonesia'),
('PB398', 'Lisa Febi Anggraini', '081212803715', 'Nganjuk, Indonesia'),
('PB399', 'Lukman Prasetya', '087547533255', 'Nganjuk, Indonesia'),
('PB400', 'Maya Yulianti', '088033222140', 'Nganjuk, Indonesia'),
('PB401', 'Meilina Pradana', '081416736518', 'Nganjuk, Indonesia'),
('PB402', 'Milla Aprilliani', '086600820364', 'Kediri, Indonesia'),
('PB403', 'Nadya Regita Cahyani', '083064001653', 'Kediri, Indonesia'),
('PB404', 'Nanda Auliana Dwi Okta', '087448300677', 'Nganjuk, Indonesia'),
('PB405', 'Novianti Dwi Ramadani', '082545561010', 'Nganjuk, Indonesia'),
('PB406', 'Nurul Fauziah', '081781053712', 'Nganjuk, Indonesia'),
('PB407', 'Propina Qurnia Yudha', '086606805658', 'Kediri, Indonesia'),
('PB408', 'Putri Agustin Trisna Wati', '083162274128', 'Nganjuk, Indonesia'),
('PB409', 'Putri Fatikasari', '085257462066', 'Nganjuk, Indonesia'),
('PB410', 'Putri Winda Meirani', '081673682036', 'Nganjuk, Indonesia'),
('PB411', 'Rachelia Zevana Putri', '086030276841', 'Nganjuk, Indonesia'),
('PB412', 'Rafida Nurul Fitriana', '086130413555', 'Nganjuk, Indonesia'),
('PB413', 'Rerita Khusnul Khotimah', '083117044377', 'Kediri, Indonesia'),
('PB414', 'Rina Mei Candra', '083534771031', 'Nganjuk, Indonesia'),
('PB415', 'Risha Putri Aprilia', '085087071538', 'Nganjuk, Indonesia'),
('PB416', 'Riska Dilla Pratiktasari', '080131460750', 'Kediri, Indonesia'),
('PB417', 'Risma Valentiana Yulia Putri', '080554855550', 'Kediri, Indonesia'),
('PB418', 'Rizki Dwi Kurniawan', '084038726444', 'Nganjuk, Indonesia'),
('PB419', 'Rizky Yohan Syaputra', '087547580703', 'Kediri, Indonesia'),
('PB420', 'Rizza Rosalinda Ballighoti', '084348266862', 'Kediri, Indonesia'),
('PB421', 'Rosita Eka Saputri', '085855478611', 'Nganjuk, Indonesia'),
('PB422', 'Salsa Bila Oktariani', '081177015601', 'Kediri, Indonesia'),
('PB423', 'Sekar Nila Pratiwi', '087247003673', 'Nganjuk, Indonesia'),
('PB424', 'Silfi Rizqi Muharomah', '084584026731', 'Nganjuk, Indonesia'),
('PB425', 'Silvia Wulan Ayu Prastika', '081478021208', 'Nganjuk, Indonesia'),
('PB426', 'Sindi Amila Putri', '088360215557', 'Nganjuk, Indonesia'),
('PB427', 'Siti Ulin Nafiah', '081081461665', 'Nganjuk, Indonesia'),
('PB428', 'Vinanda Puspita Sari', '082428273743', 'Nganjuk, Indonesia'),
('PB429', 'Wahyu Nur Fatmala', '085811708816', 'Nganjuk, Indonesia'),
('PB430', 'Wahyu Ratna Listi Ningrum', '085453415850', 'Kediri, Indonesia'),
('PB431', 'Wiwin Romadhoni', '080471184362', 'Nganjuk, Indonesia'),
('PB432', 'Wivina Karolina', '082724703858', 'Nganjuk, Indonesia'),
('PB433', 'Ade Rema Fernanda', '081559766784', 'Nganjuk, Indonesia'),
('PB434', 'Adinda Yunitasari', '085226783652', 'Nganjuk, Indonesia'),
('PB435', 'Amirotus Solekah', '082331712766', 'Nganjuk, Indonesia'),
('PB436', 'Ananda Utari', '085608477668', 'Nganjuk, Indonesia'),
('PB437', 'Aeleasha Adzra Nayara', '084761734825', 'Kediri, Indonesia'),
('PB438', 'Anggie Diva Kharisma Kesuma Wardana', '088764143489', 'Nganjuk, Indonesia'),
('PB439', 'Anita', '085777407664', 'Bojonegoro, Indonesia'),
('PB440', 'Anjeli Laksmi Putri Pratama', '081216628483', 'Nganjuk, Indonesia'),
('PB441', 'Arsilia Wulan Dari', '083115567752', 'Nganjuk, Indonesia'),
('PB442', 'Arvia Hidayatul Mustafidz', '081357013494', 'Nganjuk, Indonesia'),
('PB443', 'Asfiatul Laily Elsanti', '0859180744648', 'Jombang, Indonesia'),
('PB444', 'Athiva Nur Sabiah', '0895637954192', 'Nganjuk, Indonesia'),
('PB445', 'Aura Luhur Rahma', '082114896819', 'Nganjuk, Indonesia'),
('PB446', 'Avira Ayu Anggraini', '081336479843', 'Nganjuk, Indonesia'),
('PB447', 'Ayu Eka Ashari', '085816548071', 'Nganjuk, Indonesia'),
('PB448', 'Cynthia Putri Aprilianti', '085730857518', 'Surabaya, Indonesia'),
('PB449', 'Della Putri Mutika Windi', '087769638756', 'Nganjuk, Indonesia'),
('PB450', 'Devi Eka Sari', '085855913268', 'Nganjuk, Indonesia'),
('PB451', 'Diah Ayu Ramadhani', '081259839152', 'Jombang, Indonesia'),
('PB452', 'Diyah Elno Larasati', '089655964507', 'Nganjuk, Indonesia'),
('PB453', 'Eliska Putri Prindarti', '083850256145', 'Kediri, Indonesia'),
('PB454', 'Esti Laili Rahmawati', '081559769322', 'Nganjuk, Indonesia'),
('PB455', 'Evi Ika Marliani', '081559518773', 'Nganjuk, Indonesia'),
('PB456', 'Evi Nurajizah', '082338119084', 'Kediri, Indonesia'),
('PB457', 'Fayza Nur Akkillah', '085607567199', 'Jombang, Indonesia'),
('PB458', 'Febi Hanum Badriyah', '081357175172', 'Nganjuk, Indonesia'),
('PB459', 'Firda Heppy Maherdian', '081617132747', 'Nganjuk, Indonesia'),
('PB460', 'Gyas Febi Ariyanti', '085736549051', 'Nganjuk, Indonesia'),
('PB461', 'Hesti Putri Pratistha', '085850502793', 'Kediri, Indonesia'),
('PB462', 'Ike Rishma Novita Sari', '085808417199', 'Kediri, Indonesia'),
('PB463', 'Ilul Sinung Pramesti', '085733193736', 'Nganjuk, Indonesia'),
('PB464', 'Ira Kusumawati', '083119880637', 'Nganjuk, Indonesia'),
('PB465', 'Irma Dwiyanti', '085798891145', 'Nganjuk, Indonesia'),
('PB466', 'Kharisma Aulya Fadila', '085730112486', 'Kediri, Indonesia'),
('PB467', 'Libryana Putri Santoso', '085378884121', 'Nganjuk, Indonesia'),
('PB468', 'Liya Agustin', '081615867725', 'Nganjuk, Indonesia'),
('PB469', 'Mala Indah Sari', '086216125216', 'Nganjuk, Indonesia'),
('PB470', 'Merry Andani Putri', '087475367827', 'Nganjuk, Indonesia'),
('PB471', 'Miftaqur Rosidah', '084340406660', 'Nganjuk, Indonesia'),
('PB472', 'Mita Amalia Khanastasya', '081837501246', 'Kediri, Indonesia'),
('PB473', 'Noorjahan Dwi Windarti', '087281405744', 'Nganjuk, Indonesia'),
('PB474', 'Nurul Hidayah', '085266425088', 'Nganjuk, Indonesia'),
('PB475', 'Nurul Hidhayah', '084331482616', 'Nganjuk, Indonesia'),
('PB476', 'Nuzul Istikhomah', '081477300030', 'Nganjuk, Indonesia'),
('PB477', 'Parahita Nur Ramadhani', '087770653233', 'Nganjuk, Indonesia'),
('PB478', 'Putri Dewi Novitasari', '084555222237', 'Kediri, Indonesia'),
('PB479', 'Putri Eliana Nur Hamida', '083856346312', 'Nganjuk, Indonesia'),
('PB480', 'Reta Antika Putri In Two', '083303376433', 'Nganjuk, Indonesia'),
('PB481', 'Reza Dwi Alfiana', '082127851071', 'Nganjuk, Indonesia'),
('PB482', 'Rinjani Asa Gemilang', '087042600621', 'Nganjuk, Indonesia'),
('PB483', 'Riska Nanda Amelia Sari', '082468650674', 'Nganjuk, Indonesia'),
('PB484', 'Risma Renda Rakuti', '085853211732', 'Kediri, Indonesia'),
('PB485', 'Rizka Manesa Pebrianti', '086270278845', 'Nganjuk, Indonesia'),
('PB486', 'Septika Fatim Hariyati', '086576716325', 'Nganjuk, Indonesia'),
('PB487', 'Sheren Febrianti', '082406878474', 'Kediri, Indonesia'),
('PB488', 'Shintia Nadya Rahma', '084088716277', 'Nganjuk, Indonesia'),
('PB489', 'Silvi Dhian Nur Afriyani', '083625534385', 'Nganjuk, Indonesia'),
('PB490', 'Sindi Pratiwiayu', '082152610015', 'Nganjuk, Indonesia'),
('PB491', 'Siti Imroatus Sasikarani', '084068068725', 'Kediri, Indonesia'),
('PB492', 'Siti Yuana', '084344513480', 'Nganjuk, Indonesia'),
('PB493', 'Tariza Novitasari', '085761887474', 'Nganjuk, Indonesia'),
('PB494', 'Veronika Naomi', '086604516110', 'Kediri, Indonesia'),
('PB495', 'Verra Della Natalya', '087862522584', 'Kediri, Indonesia'),
('PB496', 'Vinna Dinda Prameswari', '088640330305', 'Nganjuk, Indonesia'),
('PB497', 'Warisa Umami Putri Jaelani', '085177038064', 'Nganjuk, Indonesia'),
('PB498', 'Winndy Tria Margareta', '081417553465', 'Kediri, Indonesia'),
('PB499', 'Yana Setya Ningrum', '085816426508', 'Nganjuk, Indonesia'),
('PB500', 'Yani Setya Ningsih', '088535461107', 'Nganjuk, Indonesia'),
('PB501', 'Yhasinta Asysyifa Rizqiani', '084831727246', 'Nganjuk, Indonesia'),
('PB502', 'Zahra Nur Khaulah', '080272887336', 'Kediri, Indonesia'),
('PB503', 'Zarifa Yunita', '082711832735', 'Kediri, Indonesia'),
('PB504', 'Zela Nur Afla', '084120041087', 'Nganjuk, Indonesia'),
('PB505', 'Aan Pramana', '084560557331', 'Nganjuk, Indonesia'),
('PB506', 'Achmad Yahya Firmansyah', '087167174166', 'Nganjuk, Indonesia'),
('PB507', 'Aditya', '082157680206', 'Nganjuk, Indonesia'),
('PB508', 'Afif Wicaksono', '080375336754', 'Kediri, Indonesia'),
('PB509', 'Agil Tri Sentoso', '087846721306', 'Kediri, Indonesia'),
('PB510', 'Agung Santoso', '084743717025', 'Nganjuk, Indonesia'),
('PB511', 'Agus Suprianto', '083174302354', 'Kediri, Indonesia'),
('PB512', 'Ahmad Raenaldi', '084854284835', 'Nganjuk, Indonesia'),
('PB513', 'Ahmad Rizal Fanani', '084554417662', 'Nganjuk, Indonesia'),
('PB514', 'Aldi Firnanda', '088855455381', 'Nganjuk, Indonesia'),
('PB515', 'Alfin Wahyuda Ariyawan', '088808218213', 'Kediri, Indonesia'),
('PB516', 'Amelia Christina', '087475444653', 'Kediri, Indonesia'),
('PB517', 'Andre Cahyono', '081274546238', 'Nganjuk, Indonesia'),
('PB518', 'Angger Tyas Mukti Amanullah', '088043061408', 'Nganjuk, Indonesia'),
('PB519', 'Ardinata Prastya', '082681242638', 'Kediri, Indonesia'),
('PB520', 'Arga Putera Pradana', '084011068344', 'Nganjuk, Indonesia'),
('PB521', 'Arya Marutha Bayu Widura', '086207231434', 'Nganjuk, Indonesia'),
('PB522', 'Bagas Andriyan', '085472017087', 'Nganjuk, Indonesia'),
('PB523', 'Bagas Putra Aditian', '081166372067', 'Nganjuk, Indonesia'),
('PB524', 'Bagus Anton Subekti', '082782460725', 'Nganjuk, Indonesia'),
('PB525', 'Dafa Agustia Pratama', '082221632813', 'Nganjuk, Indonesia'),
('PB526', 'Daffa Andhika Rizky', '084288407013', 'Kediri, Indonesia'),
('PB527', 'Danang Dwi Krisnanto', '087608747742', 'Nganjuk, Indonesia'),
('PB001', 'Abdul Fattah Burhanuddin', '087825323132', 'Nganjuk, Indonesia'),
('PB003', 'Achmad Romadoni', '083849503086', 'Kediri, Indonesia'),
('PB004', 'Afif Fitra Nugroho', '082223490056', 'Nganjuk, Indonesia'),
('PB005', 'Aga Deva Kharisma', '089756124356', 'Nganjuk, Indonesia'),
('PB006', 'Ahmad Edy Syaputra', '082131788391', 'Kediri, Indonesia'),
('PB007', 'Ahmad Fauzi Waro', '085893072338', 'Kediri, Indonesia'),
('PB008', 'Ahmad Riyanto', '085735973607', 'Jombang, Indonesia'),
('PB009', 'Andi Wijahnu Prasetyo', '085708298074', 'Nganjuk, Indonesia'),
('PB010', 'Andre Maulana', '082231253269', 'Nganjuk, Indonesia'),
('PB011', 'Arfan Ardiansyah', '082230816950', 'Kediri, Indonesia'),
('PB012', 'Asep Habidin Habibi', '085210513845', 'Nganjuk, Indonesia'),
('PB013', 'Bagas Deo Alfiano', '085648663916', 'Nganjuk, Indonesia'),
('PB014', 'Bagus Aldian Hidayat', '085245208656', 'Nganjuk, Indonesia'),
('PB015', 'Bagus Tri Aditya', '081230229048', 'Nganjuk, Indonesia'),
('PB016', 'Bambang Tri Prasetyo', '081358308462', 'Nganjuk, Indonesia'),
('PB017', 'Bayu Ilham Samudra', '081217002468', 'Kediri, Indonesia'),
('PB018', 'Bela Agustiana', '085812116074', 'Kediri, Indonesia'),
('PB019', 'Dani Ahmad Afandi', '081234558480', 'Nganjuk, Indonesia'),
('PB020', 'Deni Yuda Mahendra', '081358333984', 'Nganjuk, Indonesia'),
('PB021', 'Didit Antoni', '087885482782', 'Nganjuk, Indonesia'),
('PB022', 'Dilla Nurisma', '085796274136', 'Kediri, Indonesia'),
('PB023', 'Dimas Abimanyu', '089612542416', 'Berau, Indonesia'),
('PB024', 'Echa Candra Utama', '085706142064', 'Kediri, Indonesia'),
('PB025', 'Ega Rifky Prayoga', '085230327799', 'Nganjuk, Indonesia'),
('PB026', 'Eko Agung Santoso', '087721809658', 'Kediri, Indonesia'),
('PB027', 'Elvira Nanda Julia', '085230646614', 'Nganjuk, Indonesia'),
('PB028', 'Ervin Tri Yunaiti', '081554983163', 'Kediri, Indonesia'),
('PB029', 'Faiz Lailli Alqurnia', '082131027123', 'Jombang, Indonesia'),
('PB030', 'Faizal Dwi Pratama', '085731873871', 'Nganjuk, Indonesia'),
('PB031', 'Fajar Supriyanto', '083845096810', 'Nganjuk, Indonesia'),
('PB032', 'Farel Kurniawan', '083850398247', 'Tegal, Indonesia'),
('PB033', 'Febri Setiawan', '085784055874', 'Nganjuk, Indonesia'),
('PB034', 'Feby Ayu Dyah Pitaloka', '082244125591', 'Nganjuk, Indonesia'),
('PB035', 'Firdhaus Aprileo Prasetiyo', '085231816357', 'Nganjuk, Indonesia'),
('PB036', 'Galih Priyanggara', '085816641250', 'Kediri, Indonesia'),
('PB037', 'George Walker Cristian Nebangka', '087759275783', 'Nganjuk, Indonesia'),
('PB038', 'Gilang Nur Fauzi', '089812459087', 'Nganjuk, Indonesia'),
('PB039', 'Gita Sania Sallsa Billa', '089516516507', 'Nganjuk, Indonesia'),
('PB040', 'Habib Dwi Febriansyah', '085708307620', 'Nganjuk, Indonesia'),
('PB041', 'Hendro Wawan Setiyo', '087770612033', 'Jombang, Indonesia'),
('PB042', 'Ilham Adinata', '085755136624', 'Nganjuk, Indonesia'),
('PB043', 'Ilham Firmansyah', '089671056706', 'Nganjuk, Indonesia'),
('PB044', 'Imam Khoiri', '082231537345', 'Nganjuk, Indonesia'),
('PB045', 'Ine Octa Firmana Putri', '0895381059784', 'Nganjuk, Indonesia'),
('PB046', 'Iqbal Dwi Irawan', '085792308976', 'Nganjuk, Indonesia'),
('PB047', 'Kurniawati', '083845886913', 'Nganjuk, Indonesia'),
('PB048', 'Lucky Rizky Pradana', '087703382480', 'Nganjuk, Indonesia'),
('PB528', 'Wisudawan Siburian', '08565272546378', 'Medan');

-- --------------------------------------------------------

--
-- Table structure for table `petugas`
--

CREATE TABLE IF NOT EXISTS `petugas` (
  `id_petugas` varchar(5) NOT NULL,
  `nama_petugas` varchar(50) NOT NULL,
  `no_telp` varchar(15) NOT NULL,
  `alamat` text NOT NULL,
  KEY `id_karyawan` (`id_petugas`)
) ENGINE=InnoDB DEFAULT CHARSET=utf8mb4;

--
-- Dumping data for table `petugas`
--

INSERT INTO `petugas` (`id_petugas`, `nama_petugas`, `no_telp`, `alamat`) VALUES
('PG001', 'Developer', '085655864624', 'Nganjuk, Jawa Timur, Indonesia'),
('PG002', 'Achmad Baihaqi', '085655864624', 'Jombang, Jawa Timur, Indonesia'),
('PG003', 'Amirzan Fikri Prasetyo', '085105304100', 'Jombang, Jawa Timur, Indonesia'),
('PG004', 'Mohammad Ilham Islamy', '085784626830', 'Nganjuk, Jawa Timur, Indonesia');

-- --------------------------------------------------------

--
-- Table structure for table `saldo`
--

CREATE TABLE IF NOT EXISTS `saldo` (
  `id_saldo` varchar(10) NOT NULL,
  `jumlah_saldo` bigint(20) NOT NULL,
  PRIMARY KEY (`id_saldo`)
) ENGINE=InnoDB DEFAULT CHARSET=utf8mb4;

--
-- Dumping data for table `saldo`
--

INSERT INTO `saldo` (`id_saldo`, `jumlah_saldo`) VALUES
('S001', 1029500);

-- --------------------------------------------------------

--
-- Table structure for table `supplier`
--

CREATE TABLE IF NOT EXISTS `supplier` (
  `id_supplier` varchar(5) NOT NULL,
  `nama_supplier` varchar(50) NOT NULL,
  `no_telp` varchar(15) NOT NULL,
  `alamat` text NOT NULL,
  KEY `id_supplier` (`id_supplier`)
) ENGINE=InnoDB DEFAULT CHARSET=utf8mb4;

--
-- Dumping data for table `supplier`
--

INSERT INTO `supplier` (`id_supplier`, `nama_supplier`, `no_telp`, `alamat`) VALUES
('SP001', 'Moch. Alvian Hidayatulloh', '085105304100', 'Jombang, Jawa Timur, Indonesia'),
('SP003', 'Syafrizal Wd Mahendra', '0895807400305', 'Nganjuk, Jawa Timur, Indonesia'),
('SP004', 'Syamaidzar Adani Syah', '082229657300', 'Nganjuk, Jawa Timur, Indonesia'),
('SP005', 'Moch. Rifaul Ardiyanto', '085855348099', 'Nganjuk, Jawa Timur, Indonesia'),
('SP006', 'Septian Yoga Pamungkas', '085806531609', 'Nganjuk, Jawa Timur, Indonesia'),
('SP007', 'Atilah Lazuardi Azra', '081335315751', 'Nganjuk, Jawa Timur, Indonesia'),
('SP008', 'Farid Kurniawan', '083851952383', 'Nganjuk, Jawa Timur, Indonesia'),
('SP009', 'Muhamad Sugeng Cahyono', '085812455631', 'Kediri, Jawa Timur, Indonesia'),
('SP010', 'Wisudawan Siburian', '081361977793', 'Nganjuk, Jawa Timur, Indonesia'),
('SP011', 'Wahyu Bagas Prastyo', '081913236990', 'Nganju, Jawa Timur, Indonesia'),
('SP012', 'Pramudya Putra Pratama', '089812901245', 'Kediri, Jawa Timur, Indonesia'),
('SP013', 'Andhung Gusti Wulang Kusuma', '081290128912', 'Nganjuk, Jawa Timur, Indonesia'),
('SP014', 'Widyasari Raisya Salsabilla', '085890237823', 'Mojokerto, Jawa Timur, Indonesia'),
('SP015', 'Shela Wahyu Nur Widodo', '085990129418', 'Nganjuk, Jawa Timur, Indonesia'),
('SP016', 'Rurin Nur Haliza', '086790127923', 'Kediri, Jawa Timur, Indonesia'),
('SP017', 'Ninik Yuniarsih', '085190127823', 'Nganjuk, Jawa Timur, Indonesia'),
('SP018', 'Renaldi Endrawan', '086690238923', 'Nganjuk, Jawa Timur, Indonesia'),
('SP019', 'Suprianto', '086712889101', 'Jombang, Jawa Timur, Indonesia'),
('SP020', 'Ananda Dwi Ariano', '085390348822', 'Nganjuk, Jawa Timur, Indonesia'),
('SP021', 'Erdi Septa Wahyu Pratama', '086790237833', 'Nganjuk, Jawa Timur, Indonesia'),
('SP022', 'Ridwan Alhakim', '085690238923', 'Nganjuk, Jawa Timur, Indonesia'),
('SP023', 'Fadillah Wahyu Nugraha', '082190328922', 'Nganjuk, Jawa Timur, Indonesia');

-- --------------------------------------------------------

--
-- Table structure for table `transaksi_beli`
--

CREATE TABLE IF NOT EXISTS `transaksi_beli` (
  `id_tr_beli` varchar(7) NOT NULL,
  `nama_tr_beli` text DEFAULT NULL,
  `id_petugas` varchar(5) NOT NULL,
  `id_supplier` varchar(5) NOT NULL,
  `id_barang` varchar(6) NOT NULL,
  `jumlah_brg` int(5) NOT NULL,
  `total_hrg` int(11) NOT NULL,
  `tanggal` datetime NOT NULL DEFAULT current_timestamp(),
  PRIMARY KEY (`id_tr_beli`),
  KEY `id_supplier` (`id_supplier`),
  KEY `id_barang` (`id_barang`),
  KEY `id_petugas` (`id_petugas`)
) ENGINE=InnoDB DEFAULT CHARSET=utf8mb4;

--
-- Dumping data for table `transaksi_beli`
--

INSERT INTO `transaksi_beli` (`id_tr_beli`, `nama_tr_beli`, `id_petugas`, `id_supplier`, `id_barang`, `jumlah_brg`, `total_hrg`, `tanggal`) VALUES
('TRB0001', 'TRB Test', 'PG003', 'SP005', 'BG014', 5, 25000, '2022-10-21 00:00:00'),
('TRB0002', 'TRB Test 2', 'PG002', 'SP001', 'BG006', 12, 12000, '2022-10-21 00:00:00'),
('TRB0004', 'Wisudawan Siburian membeli Indomie Goreng sebanyak 30 dengan total harga Rp. 75.000.00', 'PG003', 'SP010', 'BG017', 30, 75000, '2022-10-21 00:00:00'),
('TRB0005', 'Atilah Lazuardi Azra membeli Indomie Goreng sebanyak 10 dengan total harga Rp. 25.000.00', 'PG003', 'SP007', 'BG017', 10, 25000, '2022-10-21 00:00:00'),
('TRB0009', 'Atilah Lazuardi Azra membeli Indomie Goreng sebanyak 30 dengan total harga Rp. 75.000.00', 'PG003', 'SP007', 'BG017', 30, 75000, '2022-10-22 00:00:00'),
('TRB0010', 'Moch. Rifaul Ardiyanto membeli Fitbar Tiramisu Snack sebanyak 5 dengan total harga Rp. 15.000.00', 'PG002', 'SP005', 'BG018', 5, 15000, '2022-10-22 00:00:00'),
('TRB0011', 'Syafrizal Wd Mahendra membeli Lays   sebanyak 10 dengan total harga Rp. 40.000.00', 'PG002', 'SP003', 'BG019', 10, 40000, '2022-10-22 00:00:00'),
('TRB0013', 'Syamaidzar Adani Syah membeli Kertas Folio sebanyak 5 dengan total harga Rp. 500.00', 'PG001', 'SP004', 'BG007', 5, 500, '2022-10-22 00:00:00'),
('TRB0014', 'Septian Yoga Pamungkas membeli Fitbar Tiramisu Snack sebanyak 15 dengan total harga Rp. 45.000.00', 'PG001', 'SP006', 'BG018', 15, 45000, '2022-10-22 00:00:00'),
('TRB0015', 'Farid Kurniawan membeli Slai Olai sebanyak 10 dengan total harga Rp. 60.000.00', 'PG001', 'SP008', 'BG020', 10, 60000, '2022-10-22 00:00:00'),
('TRB0016', 'Muhamad Sugeng Cahyono membeli Cadbury Chocolate sebanyak 10 dengan total harga Rp. 80.000.00', 'PG001', 'SP009', 'BG021', 10, 80000, '2022-10-22 00:00:00'),
('TRB0017', 'Wisudawan Siburian membeli Beng Beng sebanyak 20 dengan total harga Rp. 60.000.00', 'PG001', 'SP010', 'BG022', 20, 60000, '2022-10-22 00:00:00'),
('TRB0018', 'Wahyu Bagas Prastyo membeli Nabati Richocho Wafer sebanyak 50 dengan total harga Rp. 100.000.00', 'PG001', 'SP011', 'BG023', 50, 100000, '2022-10-22 00:00:00'),
('TRB0019', 'Pramudya Putra Pratama membeli Sari Gandum sebanyak 5 dengan total harga Rp. 20.000.00', 'PG001', 'SP012', 'BG025', 5, 20000, '2022-10-22 00:00:00'),
('TRB0020', 'Andhung Gusti Wulang Kusuma membeli Slai Olai sebanyak 25 dengan total harga Rp. 150.000.00', 'PG003', 'SP013', 'BG020', 25, 150000, '2022-10-22 00:00:00'),
('TRB0021', 'Widyasari Raisya Salsabilla membeli Buavita Juice Orange sebanyak 15 dengan total harga Rp. 133.500.00', 'PG003', 'SP014', 'BG061', 15, 133500, '2022-10-22 00:00:00'),
('TRB0022', 'Shela Wahyu Nur Widodo membeli Buavita Juice Manggo sebanyak 16 dengan total harga Rp. 142.400.00', 'PG003', 'SP015', 'BG062', 16, 142400, '2022-10-22 00:00:00'),
('TRB0023', 'Rurin Nur Haliza membeli Minute Maid Juice Pulpy sebanyak 20 dengan total harga Rp. 80.000.00', 'PG003', 'SP016', 'BG063', 20, 80000, '2022-10-22 00:00:00'),
('TRB0024', 'Ninik Yuniarsih membeli Mister Potato Snack sebanyak 15 dengan total harga Rp. 67.500.00', 'PG003', 'SP017', 'BG042', 15, 67500, '2022-10-22 00:00:00'),
('TRB0025', 'Renaldi Endrawan membeli Kin A2 Yogurt sebanyak 17 dengan total harga Rp. 68.000.00', 'PG003', 'SP018', 'BG043', 17, 68000, '2022-10-22 00:00:00'),
('TRB0026', 'Suprianto membeli Piattos sebanyak 28 dengan total harga Rp. 196.000.00', 'PG003', 'SP019', 'BG046', 28, 196000, '2022-10-22 00:00:00'),
('TRB0027', 'Ananda Dwi Ariano membeli Potabee sebanyak 29 dengan total harga Rp. 255.200.00', 'PG003', 'SP020', 'BG047', 29, 255200, '2022-10-22 00:00:00'),
('TRB0028', 'Erdi Septa Wahyu Pratama membeli Chitato sebanyak 5 dengan total harga Rp. 120.000.00', 'PG003', 'SP021', 'BG045', 5, 120000, '2022-10-22 00:00:00'),
('TRB0029', 'Ridwan Alhakim membeli Qtela sebanyak 12 dengan total harga Rp. 144.000.00', 'PG003', 'SP022', 'BG044', 12, 144000, '2022-10-22 00:00:00'),
('TRB0030', 'Fadillah Wahyu Nugraha membeli Minute Maid Juice sebanyak 22 dengan total harga Rp. 88.000.00', 'PG003', 'SP023', 'BG041', 22, 88000, '2022-10-22 00:00:00'),
('TRB0033', 'Moch. Alvian Hidayatulloh membeli Indomie Kuliner Ayam Medan sebanyak 14 dengan total harga Rp. 42.000.00', 'PG003', 'SP001', 'BG071', 14, 42000, '2022-10-22 00:00:00'),
('TRB0034', 'Moch. Rifaul Ardiyanto membeli Frech Fries sebanyak 12 dengan total harga Rp. 73.200.00', 'PG003', 'SP005', 'BG050', 12, 73200, '2022-10-22 00:00:00'),
('TRB0036', 'Syafrizal Wd Mahendra membeli Teh Pucuk sebanyak 10 dengan total harga Rp. 30.000.00', 'PG003', 'SP003', 'BG003', 10, 30000, '2022-10-22 00:00:00'),
('TRB0037', 'Moch. Alvian Hidayatulloh membeli Nissin Crackers sebanyak 1 dengan total harga Rp. 4.000.00', 'PG003', 'SP001', 'BG026', 1, 4000, '2022-10-22 00:00:00'),
('TRB0038', 'Moch. Alvian Hidayatulloh membeli Pop Mie Mi Instan sebanyak 10 dengan total harga Rp. 45.600.00', 'PG003', 'SP001', 'BG030', 10, 45600, '2022-10-22 00:00:00'),
('TRB0039', 'Moch. Alvian Hidayatulloh membeli Sedaap Mie Instant Cup sebanyak 11 dengan total harga Rp. 29.700.00', 'PG003', 'SP001', 'BG036', 11, 29700, '2022-10-22 00:00:00'),
('TRB0040', 'Moch. Alvian Hidayatulloh membeli Energen Cereal sebanyak 10 dengan total harga Rp. 40.000.00', 'PG003', 'SP001', 'BG037', 10, 40000, '2022-10-22 00:00:00'),
('TRB0042', 'Ninik Yuniarsih membeli Kertas Folio sebanyak 26 dengan total harga Rp. 2.600.00', 'PG003', 'SP017', 'BG007', 26, 2600, '2022-10-22 00:00:00'),
('TRB0043', 'Renaldi Endrawan membeli Kertas HVS sebanyak 21 dengan total harga Rp. 2.100.00', 'PG003', 'SP018', 'BG008', 21, 2100, '2022-10-22 00:00:00'),
('TRB0044', 'Fadillah Wahyu Nugraha membeli Kertas HVS sebanyak 40 dengan total harga Rp. 4.000.00', 'PG003', 'SP023', 'BG008', 40, 4000, '2022-10-22 00:00:00'),
('TRB0045', 'Shela Wahyu Nur Widodo membeli Hollanda Gery Butter Cokkies sebanyak 20 dengan total harga Rp. 434.000.00', 'PG003', 'SP015', 'BG040', 20, 434000, '2022-10-22 00:00:00'),
('TRB0046', 'Andhung Gusti Wulang Kusuma membeli Kraft Sandwich Mini Oreo sebanyak 20 dengan total harga Rp. 80.000.00', 'PG003', 'SP013', 'BG039', 20, 80000, '2022-10-22 00:00:00'),
('TRB0047', 'Farid Kurniawan membeli Mister Potato Snack sebanyak 13 dengan total harga Rp. 58.500.00', 'PG003', 'SP008', 'BG042', 13, 58500, '2022-10-22 00:00:00'),
('TRB0048', 'Syafrizal Wd Mahendra membeli Indomilk sebanyak 8 dengan total harga Rp. 16.000.00', 'PG003', 'SP003', 'BG006', 8, 16000, '2022-10-22 00:00:00'),
('TRB0049', 'Septian Yoga Pamungkas membeli Kertas HVS sebanyak 28 dengan total harga Rp. 2.800.00', 'PG003', 'SP006', 'BG008', 28, 2800, '2022-10-22 00:00:00'),
('TRB0051', 'Syafrizal Wd Mahendra membeli Sprite sebanyak 15 dengan total harga Rp. 45.000.00', 'PG003', 'SP003', 'BG001', 15, 45000, '2022-10-22 00:00:00'),
('TRB0052', 'Syamaidzar Adani Syah membeli Teh Pucuk sebanyak 10 dengan total harga Rp. 30.000.00', 'PG003', 'SP004', 'BG003', 10, 30000, '2022-10-22 00:00:00'),
('TRB0053', 'Syamaidzar Adani Syah membeli Indomilk sebanyak 14 dengan total harga Rp. 28.000.00', 'PG003', 'SP004', 'BG006', 14, 28000, '2022-10-22 00:00:00'),
('TRB0054', 'Syamaidzar Adani Syah membeli Indomie Goreng sebanyak 15 dengan total harga Rp. 37.500.00', 'PG003', 'SP004', 'BG017', 15, 37500, '2022-10-22 00:00:00'),
('TRB0055', 'Septian Yoga Pamungkas membeli Kertas HVS sebanyak 44 dengan total harga Rp. 4.400.00', 'PG003', 'SP006', 'BG008', 44, 4400, '2022-10-22 00:00:00'),
('TRB0056', 'Septian Yoga Pamungkas membeli Sedaap Mie Instan sebanyak 17 dengan total harga Rp. 42.500.00', 'PG003', 'SP006', 'BG031', 17, 42500, '2022-10-22 00:00:00'),
('TRB0057', 'Atilah Lazuardi Azra membeli Meiji Biscuit Hello Panda sebanyak 22 dengan total harga Rp. 66.000.00', 'PG003', 'SP007', 'BG032', 22, 66000, '2022-10-22 00:00:00'),
('TRB0058', 'Pramudya Putra Pratama membeli Hexos Candy sebanyak 8 dengan total harga Rp. 40.000.00', 'PG003', 'SP012', 'BG029', 8, 40000, '2022-10-22 00:00:00'),
('TRB0059', 'Widyasari Raisya Salsabilla membeli Tango Drink Berry sebanyak 16 dengan total harga Rp. 64.000.00', 'PG003', 'SP014', 'BG028', 16, 64000, '2022-10-22 00:00:00'),
('TRB0060', 'Muhamad Sugeng Cahyono membeli Nabati Richeese Wafer sebanyak 34 dengan total harga Rp. 68.000.00', 'PG003', 'SP009', 'BG027', 34, 68000, '2022-10-22 00:00:00'),
('TRB0061', 'Wisudawan Siburian membeli Beng Beng sebanyak 22 dengan total harga Rp. 66.000.00', 'PG003', 'SP010', 'BG022', 22, 66000, '2022-10-22 00:00:00'),
('TRB0062', 'Wahyu Bagas Prastyo membeli Nabati Richocho Wafer sebanyak 13 dengan total harga Rp. 26.000.00', 'PG003', 'SP011', 'BG023', 13, 26000, '2022-10-22 00:00:00'),
('TRB0064', 'Renaldi Endrawan membeli Kertas Folio sebanyak 111 dengan total harga Rp. 11.100.00', 'PG003', 'SP018', 'BG007', 111, 11100, '2022-10-22 00:00:00'),
('TRB0065', 'Erdi Septa Wahyu Pratama membeli Sari Gandum sebanyak 62 dengan total harga Rp. 248.000.00', 'PG003', 'SP021', 'BG025', 62, 248000, '2022-10-22 00:00:00'),
('TRB0066', 'Ridwan Alhakim membeli Nissin Crackers sebanyak 1 dengan total harga Rp. 4.000.00', 'PG003', 'SP022', 'BG026', 1, 4000, '2022-10-22 00:00:00'),
('TRB0067', 'Ridwan Alhakim membeli Nissin Crackers sebanyak 40 dengan total harga Rp. 160.000.00', 'PG003', 'SP022', 'BG026', 40, 160000, '2022-10-22 00:00:00'),
('TRB0068', 'Ninik Yuniarsih membeli Nissin Crackers sebanyak 30 dengan total harga Rp. 120.000.00', 'PG003', 'SP017', 'BG026', 30, 120000, '2022-10-22 00:00:00'),
('TRB0069', 'Pramudya Putra Pratama membeli Choki Choki Cashnew sebanyak 29 dengan total harga Rp. 87.000.00', 'PG003', 'SP012', 'BG024', 29, 87000, '2022-10-22 00:00:00'),
('TRB0070', 'Ananda Dwi Ariano membeli Hexos Candy sebanyak 22 dengan total harga Rp. 110.000.00', 'PG003', 'SP020', 'BG029', 22, 110000, '2022-10-22 00:00:00'),
('TRB0071', 'Muhamad Sugeng Cahyono membeli Hexos Candy sebanyak 23 dengan total harga Rp. 115.000.00', 'PG003', 'SP009', 'BG029', 23, 115000, '2022-10-22 00:00:00'),
('TRB0072', 'Muhamad Sugeng Cahyono membeli Hexos Candy sebanyak 21 dengan total harga Rp. 105.000.00', 'PG003', 'SP009', 'BG029', 21, 105000, '2022-10-22 00:00:00'),
('TRB0073', 'Wisudawan Siburian membeli Aice Ice Cream Cookies sebanyak 21 dengan total harga Rp. 105.000.00', 'PG003', 'SP010', 'BG034', 21, 105000, '2022-10-22 00:00:00'),
('TRB0074', 'Wisudawan Siburian membeli Good Time Cookies sebanyak 6 dengan total harga Rp. 30.000.00', 'PG003', 'SP010', 'BG033', 6, 30000, '2022-10-22 00:00:00'),
('TRB0075', 'Andhung Gusti Wulang Kusuma membeli Madu Tj sebanyak 16 dengan total harga Rp. 96.000.00', 'PG003', 'SP013', 'BG035', 16, 96000, '2022-10-22 00:00:00'),
('TRB0076', 'Atilah Lazuardi Azra membeli Madu Tj sebanyak 12 dengan total harga Rp. 72.000.00', 'PG003', 'SP007', 'BG035', 12, 72000, '2022-10-22 00:00:00'),
('TRB0077', 'Muhamad Sugeng Cahyono membeli Good Time Cookies sebanyak 16 dengan total harga Rp. 80.000.00', 'PG003', 'SP009', 'BG033', 16, 80000, '2022-10-22 00:00:00'),
('TRB0078', 'Muhamad Sugeng Cahyono membeli Kertas Folio sebanyak 67 dengan total harga Rp. 6.700.00', 'PG003', 'SP009', 'BG007', 67, 6700, '2022-10-22 00:00:00'),
('TRB0079', 'Muhamad Sugeng Cahyono membeli Spidol Merah sebanyak 34 dengan total harga Rp. 68.000.00', 'PG003', 'SP009', 'BG011', 34, 68000, '2022-10-22 00:00:00'),
('TRB0080', 'Wahyu Bagas Prastyo membeli Roti sebanyak 20 dengan total harga Rp. 30.000.00', 'PG003', 'SP011', 'BG014', 20, 30000, '2022-10-22 00:00:00'),
('TRB0081', 'Rurin Nur Haliza membeli Hollanda Gery Butter Cokkies sebanyak 24 dengan total harga Rp. 520.800.00', 'PG003', 'SP016', 'BG040', 24, 520800, '2022-10-22 00:00:00'),
('TRB0083', 'Widyasari Raisya Salsabilla membeli Indomie Kuliner Cakalang sebanyak 52 dengan total harga Rp. 156.000.00', 'PG003', 'SP014', 'BG070', 52, 156000, '2022-10-22 00:00:00'),
('TRB0085', 'Ridwan Alhakim membeli Indomie Kuliner Soto Padang sebanyak 28 dengan total harga Rp. 84.000.00', 'PG003', 'SP022', 'BG069', 28, 84000, '2022-10-22 00:00:00'),
('TRB0086', 'Suprianto membeli Indomie Rasa Ayam Bawang sebanyak 47 dengan total harga Rp. 136.300.00', 'PG003', 'SP019', 'BG068', 47, 136300, '2022-10-22 00:00:00'),
('TRB0087', 'Fadillah Wahyu Nugraha membeli Buavita Juice Jambu sebanyak 20 dengan total harga Rp. 178.000.00', 'PG003', 'SP023', 'BG060', 20, 178000, '2022-10-22 00:00:00'),
('TRB0088', 'Ananda Dwi Ariano membeli You C Healt Drink sebanyak 8 dengan total harga Rp. 48.000.00', 'PG003', 'SP020', 'BG059', 8, 48000, '2022-10-22 00:00:00'),
('TRB0089', 'Widyasari Raisya Salsabilla membeli Mentos Candy sebanyak 24 dengan total harga Rp. 72.000.00', 'PG003', 'SP014', 'BG058', 24, 72000, '2022-10-22 00:00:00'),
('TRB0090', 'Moch. Alvian Hidayatulloh membeli Sedaap Mie Instan sebanyak 13 dengan total harga Rp. 32.500.00', 'PG003', 'SP001', 'BG031', 13, 32500, '2022-10-22 00:00:00'),
('TRB0091', 'Syafrizal Wd Mahendra membeli Gery Crackers Malkist sebanyak 23 dengan total harga Rp. 59.800.00', 'PG003', 'SP003', 'BG038', 23, 59800, '2022-10-22 00:00:00'),
('TRB0092', 'Atilah Lazuardi Azra membeli Mister Potato Snack sebanyak 16 dengan total harga Rp. 72.000.00', 'PG003', 'SP007', 'BG042', 16, 72000, '2022-10-22 00:00:00'),
('TRB0093', 'Farid Kurniawan membeli Dairy Milk sebanyak 18 dengan total harga Rp. 126.000.00', 'PG003', 'SP008', 'BG051', 18, 126000, '2022-10-22 00:00:00'),
('TRB0095', 'Syamaidzar Adani Syah membeli Fitbar Tiramisu Snack sebanyak 16 dengan total harga Rp. 48.000.00', 'PG003', 'SP004', 'BG018', 16, 48000, '2022-10-22 00:00:00'),
('TRB0096', 'Syamaidzar Adani Syah membeli Cadbury Chocolate sebanyak 12 dengan total harga Rp. 96.000.00', 'PG003', 'SP004', 'BG021', 12, 96000, '2022-10-22 00:00:00'),
('TRB0097', 'Moch. Alvian Hidayatulloh membeli Madu Tj sebanyak 8 dengan total harga Rp. 48.000.00', 'PG003', 'SP001', 'BG035', 8, 48000, '2022-10-22 00:00:00'),
('TRB0098', 'Moch. Alvian Hidayatulloh membeli Good Time Cookies sebanyak 14 dengan total harga Rp. 70.000.00', 'PG003', 'SP001', 'BG033', 14, 70000, '2022-10-22 00:00:00'),
('TRB0099', 'Septian Yoga Pamungkas membeli Tango Drink Berry sebanyak 18 dengan total harga Rp. 72.000.00', 'PG003', 'SP006', 'BG028', 18, 72000, '2022-10-22 00:00:00'),
('TRB0100', 'Atilah Lazuardi Azra membeli Kacang Garuda Atom Pedas sebanyak 45 dengan total harga Rp. 846.000.00', 'PG003', 'SP007', 'BG054', 45, 846000, '2022-10-22 00:00:00'),
('TRB0101', 'Farid Kurniawan membeli Roma Biscuit Sandwitch sebanyak 53 dengan total harga Rp. 424.000.00', 'PG003', 'SP008', 'BG056', 53, 424000, '2022-10-22 00:00:00'),
('TRB0102', 'Pramudya Putra Pratama membeli Indomie Rasa Soto Spesial sebanyak 30 dengan total harga Rp. 85.500.00', 'PG003', 'SP012', 'BG067', 30, 85500, '2022-10-22 00:00:00'),
('TRB0103', 'Pramudya Putra Pratama membeli Indomie Goreng Rasa Pedas sebanyak 12 dengan total harga Rp. 33.000.00', 'PG003', 'SP012', 'BG066', 12, 33000, '2022-10-22 00:00:00'),
('TRB0104', 'Pramudya Putra Pratama membeli Tango Drink Berry sebanyak 8 dengan total harga Rp. 32.000.00', 'PG003', 'SP012', 'BG028', 8, 32000, '2022-10-22 00:00:00'),
('TRB0105', 'Andhung Gusti Wulang Kusuma membeli Cadbury Chocolate sebanyak 17 dengan total harga Rp. 136.000.00', 'PG003', 'SP013', 'BG021', 17, 136000, '2022-10-22 00:00:00'),
('TRB0106', 'Shela Wahyu Nur Widodo membeli Chitato sebanyak 6 dengan total harga Rp. 144.000.00', 'PG003', 'SP015', 'BG045', 6, 144000, '2022-10-22 00:00:00'),
('TRB0107', 'Rurin Nur Haliza membeli Chitato sebanyak 16 dengan total harga Rp. 384.000.00', 'PG003', 'SP016', 'BG045', 16, 384000, '2022-10-22 00:00:00'),
('TRB0108', 'Ninik Yuniarsih membeli Piattos sebanyak 30 dengan total harga Rp. 210.000.00', 'PG003', 'SP017', 'BG046', 30, 210000, '2022-10-22 00:00:00'),
('TRB0109', 'Rurin Nur Haliza membeli Pulpen Snowman sebanyak 55 dengan total harga Rp. 55.000.00', 'PG003', 'SP016', 'BG009', 55, 55000, '2022-10-22 00:00:00'),
('TRB0110', 'Rurin Nur Haliza membeli Spidol Biru sebanyak 43 dengan total harga Rp. 86.000.00', 'PG003', 'SP016', 'BG012', 43, 86000, '2022-10-22 00:00:00'),
('TRB0111', 'Ninik Yuniarsih membeli Roti sebanyak 21 dengan total harga Rp. 31.500.00', 'PG003', 'SP017', 'BG014', 21, 31500, '2022-10-22 00:00:00'),
('TRB0112', 'Ninik Yuniarsih membeli Mister Potato Snack Crips sebanyak 43 dengan total harga Rp. 468.700.00', 'PG003', 'SP017', 'BG055', 43, 468700, '2022-10-22 00:00:00'),
('TRB0113', 'Ninik Yuniarsih membeli Nextar Nastar Cookies sebanyak 41 dengan total harga Rp. 53.300.00', 'PG003', 'SP017', 'BG057', 41, 53300, '2022-10-22 00:00:00'),
('TRB0114', 'Shela Wahyu Nur Widodo membeli You C Healt Drink sebanyak 12 dengan total harga Rp. 72.000.00', 'PG003', 'SP015', 'BG059', 12, 72000, '2022-10-22 00:00:00'),
('TRB0115', 'Erdi Septa Wahyu Pratama membeli Kusuka sebanyak 45 dengan total harga Rp. 596.250.00', 'PG003', 'SP021', 'BG048', 45, 596250, '2022-10-22 00:00:00'),
('TRB0116', 'Moch. Alvian Hidayatulloh membeli Silver Queen sebanyak 71 dengan total harga Rp. 603.500.00', 'PG003', 'SP001', 'BG052', 71, 603500, '2022-10-22 00:00:00'),
('TRB0117', 'Renaldi Endrawan membeli Indomie Goreng Rasa Rendang sebanyak 51 dengan total harga Rp. 153.000.00', 'PG003', 'SP018', 'BG065', 51, 153000, '2022-10-22 00:00:00'),
('TRB0118', 'Ananda Dwi Ariano membeli Indomie Goreng Rasa Sate sebanyak 26 dengan total harga Rp. 75.400.00', 'PG003', 'SP020', 'BG064', 26, 75400, '2022-10-22 00:00:00'),
('TRB0119', 'Rurin Nur Haliza membeli Tic Tac sebanyak 37 dengan total harga Rp. 157.250.00', 'PG003', 'SP016', 'BG049', 37, 157250, '2022-10-22 00:00:00'),
('TRB0120', 'Moch. Alvian Hidayatulloh membeli Indomilk sebanyak 10 dengan total harga Rp. 20,000.00', 'PG003', 'SP001', 'BG006', 10, 20000, '2022-10-23 00:00:00'),
('TRB0121', 'Ninik Yuniarsih membeli Indomilk sebanyak 1 dengan total harga Rp. 2,000.00', 'PG003', 'SP017', 'BG006', 1, 2000, '2022-10-23 00:00:00'),
('TRB0123', 'Farid Kurniawan membeli Kertas Folio sebanyak 10 dengan total harga Rp. 1,000.00', 'pg003', 'SP008', 'BG007', 10, 1000, '2022-10-23 00:00:00'),
('TRB0125', 'Moch. Alvian Hidayatulloh membeli Indomilk sebanyak 11 dengan total harga Rp. 22,000.00', 'pg003', 'SP001', 'BG006', 11, 22000, '2022-10-23 00:00:00'),
('TRB0126', 'Syafrizal Wd Mahendra membeli Kertas Hvs sebanyak 4 dengan total harga Rp. 400.00', 'pg003', 'SP003', 'BG008', 4, 400, '2022-10-23 00:00:00'),
('TRB0127', 'Septian Yoga Pamungkas membeli Kertas Folio sebanyak 5 dengan total harga Rp. 500.00', 'pg003', 'SP006', 'BG007', 5, 500, '2022-10-23 00:00:00'),
('TRB0129', 'Erdi Septa Wahyu Pratama membeli Roti sebanyak 20 dengan total harga Rp. 30,000.00', 'PG003', 'SP021', 'BG014', 20, 30000, '2022-11-08 00:00:00'),
('TRB0130', 'Renaldi Endrawan membeli Fitbar Tiramisu Snack sebanyak 16 dengan total harga Rp. 48,000.00', 'PG003', 'SP018', 'BG018', 16, 48000, '2022-11-08 00:00:00'),
('TRB0131', 'Syafrizal Wd Mahendra membeli Kertas Folio sebanyak 4 dengan total harga Rp. 400.00', 'pg003', 'SP003', 'BG007', 4, 400, '2022-11-28 00:00:00'),
('TRB0132', 'Moch. Alvian Hidayatulloh membeli Kertas Hvs sebanyak 6 dengan total harga Rp. 600.00', 'pg003', 'SP001', 'BG008', 6, 600, '2022-11-28 00:00:00'),
('TRB0133', 'Moch. Rifaul Ardiyanto membeli Pulpen Snowman sebanyak 1 dengan total harga Rp. 1,000.00', 'pg003', 'SP005', 'BG009', 1, 1000, '2022-11-28 00:00:00'),
('TRB0134', 'Septian Yoga Pamungkas membeli Pulpen Snowman sebanyak 7 dengan total harga Rp. 7,000.00', 'pg003', 'SP006', 'BG009', 7, 7000, '2022-11-28 00:00:00'),
('TRB0135', 'Moch. Rifaul Ardiyanto membeli Kertas Hvs sebanyak 1 dengan total harga Rp. 100.00', 'pg003', 'SP005', 'BG008', 1, 100, '2022-11-28 00:00:00'),
('TRB0136', 'Syafrizal Wd Mahendra membeli Kertas Hvs sebanyak 5 dengan total harga Rp. 500.00', 'pg003', 'SP003', 'BG008', 5, 500, '2022-11-28 00:00:00'),
('TRB0137', 'Syafrizal Wd Mahendra membeli Indomilk sebanyak 1 dengan total harga Rp. 2,000.00', 'pg003', 'SP003', 'BG006', 1, 2000, '2022-11-28 00:00:00'),
('TRB0138', 'Moch. Alvian Hidayatulloh membeli Pulpen Snowman sebanyak 8 dengan total harga Rp. 8,000.00', 'pg003', 'SP001', 'BG009', 8, 8000, '2022-11-28 00:00:00'),
('TRB0139', 'Muhamad Sugeng Cahyono membeli Indomilk sebanyak 6 dengan total harga Rp. 12,000.00', 'pg003', 'SP009', 'BG006', 6, 12000, '2022-11-29 00:00:00'),
('TRB0140', 'Syafrizal Wd Mahendra membeli Kertas Hvs sebanyak 11 dengan total harga Rp. 1,100.00', 'pg003', 'SP003', 'BG008', 11, 1100, '2022-11-29 00:00:00'),
('TRB0141', 'Syamaidzar Adani Syah membeli Teh Pucuk sebanyak 2 dengan total harga Rp. 6,000.00', 'pg003', 'SP004', 'BG003', 2, 6000, '2022-11-30 00:00:00'),
('TRB0144', 'Syafrizal Wd Mahendra membeli Indomilk sebanyak 4 dengan total harga Rp. 8,000.00', 'pg002', 'SP003', 'BG006', 4, 8000, '2022-12-02 00:00:00'),
('TRB0145', 'Moch. Rifaul Ardiyanto membeli Indomie Goreng sebanyak 10 dengan total harga Rp. 25,000.00', 'pg003', 'SP005', 'BG017', 10, 25000, '2022-12-02 00:00:00'),
('TRB0146', 'Syafrizal Wd Mahendra membeli Kertas Folio sebanyak 5 dengan total harga Rp. 500.00', 'pg003', 'SP003', 'BG007', 5, 500, '2022-12-04 00:00:00'),
('TRB0147', 'Syafrizal Wd Mahendra membeli aqua cleo sebanyak 5 dengan total harga Rp. 10,000.00', 'pg003', 'SP003', 'BG001', 5, 10000, '2022-12-04 00:00:00'),
('TRB0148', 'Moch. Rifaul Ardiyanto membeli aqua cleo sebanyak 10 dengan total harga Rp. 20,000.00', 'pg003', 'SP005', 'BG001', 10, 20000, '2022-12-04 00:00:00'),
('TRB0149', 'Syafrizal Wd Mahendra membeli Kertas Hvs sebanyak 5 dengan total harga Rp. 500.00', 'pg003', 'SP003', 'BG008', 5, 500, '2022-12-04 13:16:41'),
('TRB0150', 'Moch. Alvian Hidayatulloh membeli aqua cleo sebanyak 5 dengan total harga Rp. 10,000.00', 'pg003', 'SP001', 'BG001', 5, 10000, '2022-12-04 20:59:05'),
('TRB0151', 'Moch. Alvian Hidayatulloh membeli aqua cleo sebanyak 10 dengan total harga Rp. 20,000.00', 'pg003', 'SP001', 'BG001', 10, 20000, '2022-12-04 21:07:02'),
('TRB0152', 'Syafrizal Wd Mahendra membeli Indomilk sebanyak 5 dengan total harga Rp. 10,000.00', 'pg003', 'SP003', 'BG006', 5, 10000, '2022-12-04 21:07:46'),
('TRB0153', 'Moch. Alvian Hidayatulloh membeli Indomilk sebanyak 5 dengan total harga Rp. 10,000.00', 'pg003', 'SP001', 'BG006', 5, 10000, '2022-12-04 21:13:56'),
('TRB0154', 'Moch. Rifaul Ardiyanto membeli Spidol Hitam sebanyak 10 dengan total harga Rp. 20,000.00', 'pg003', 'SP005', 'BG010', 10, 20000, '2022-12-04 21:14:47'),
('TRB0155', 'tuku panganan', 'PG003', 'SP003', 'BG010', 10, 20000, '0000-00-00 00:00:00'),
('TRB0156', 'tuku panganan', 'PG003', 'SP003', 'BG010', 10, 20000, '2022-12-04 22:14:41'),
('TRB0157', 'Septian Yoga Pamungkas membeli aqua cleo sebanyak 10 dengan total harga Rp. 20,000.00', 'pg003', 'SP006', 'BG001', 10, 20000, '2022-12-04 21:30:42'),
('TRB0158', 'Syafrizal Wd Mahendra membeli Spidol Hitam sebanyak 5 dengan total harga Rp. 10,000.00', 'pg003', 'SP003', 'BG010', 5, 10000, '2022-12-04 21:36:11'),
('TRB0159', 'Syafrizal Wd Mahendra membeli Teh Pucuk sebanyak 10 dengan total harga Rp. 20,000.00', 'pg003', 'SP003', 'BG003', 10, 20000, '2022-12-04 21:39:54'),
('TRB0160', 'Syafrizal Wd Mahendra membeli Kertas Folio sebanyak 5 dengan total harga Rp. 500.00', 'pg003', 'SP003', 'BG007', 5, 500, '2022-12-04 21:50:53'),
('TRB0161', 'Syamaidzar Adani Syah membeli Indomilk sebanyak 6 dengan total harga Rp. 12,000.00', 'pg003', 'SP004', 'BG006', 6, 12000, '2022-12-04 21:52:24');

--
-- Triggers `transaksi_beli`
--
DELIMITER $$
CREATE TRIGGER `insert_transaksi_beli` AFTER INSERT ON `transaksi_beli` FOR EACH ROW SELECT id_barang INTO @id_barang FROM transaksi_beli ORDER BY id_tr_beli DESC LIMIT 0,1
$$
DELIMITER ;

-- --------------------------------------------------------

--
-- Table structure for table `transaksi_jual`
--

CREATE TABLE IF NOT EXISTS `transaksi_jual` (
  `id_tr_jual` varchar(7) NOT NULL,
  `nama_tr_jual` text DEFAULT NULL,
  `id_petugas` varchar(5) DEFAULT NULL,
  `id_pembeli` varchar(5) NOT NULL,
  `id_barang` varchar(6) NOT NULL,
  `jumlah_brg` int(5) NOT NULL,
  `total_hrg` int(11) NOT NULL,
  `tanggal` datetime NOT NULL DEFAULT current_timestamp(),
  PRIMARY KEY (`id_tr_jual`),
  KEY `id_pembeli` (`id_pembeli`),
  KEY `id_barang` (`id_barang`),
  KEY `id_karyawan` (`id_petugas`)
) ENGINE=InnoDB DEFAULT CHARSET=utf8mb4;

--
-- Dumping data for table `transaksi_jual`
--

INSERT INTO `transaksi_jual` (`id_tr_jual`, `nama_tr_jual`, `id_petugas`, `id_pembeli`, `id_barang`, `jumlah_brg`, `total_hrg`, `tanggal`) VALUES
('TRJ0002', 'Beli 1 dunks', 'PG003', 'PB289', 'BG001', 10, 120000, '2022-10-15 00:00:00'),
('TRJ0003', 'TR Test Add', 'PG002', 'PB390', 'BG001', 4, 90000, '2022-10-19 00:00:00'),
('TRJ0004', 'sok tau', 'PG004', 'PB123', 'BG011', 9, 15000, '2022-10-20 00:00:00'),
('TRJ0006', 'Faisal Basri membeli Indomie Goreng sebanyak 8 dengan total harga Rp. 28.000.00', 'PG003', 'PB213', 'BG017', 8, 28000, '2022-10-21 00:00:00'),
('TRJ0007', 'Ragil Agista Viradelha membeli Yupi sebanyak 7 dengan total harga Rp. 3.500.00', 'PG003', 'PB259', 'BG013', 7, 3500, '2022-10-21 00:00:00'),
('TRJ0009', 'Deky Reza Saputra membeli Wafer sebanyak 8 dengan total harga Rp. 8.000.00', 'PG003', 'PB304', 'BG015', 8, 8000, '2022-10-21 00:00:00'),
('TRJ0011', 'Maya Yulianti membeli Indomie Goreng sebanyak 9 dengan total harga Rp. 31.500.00', 'PG003', 'PB400', 'BG017', 9, 31500, '2022-10-21 00:00:00'),
('TRJ0012', 'Putri Winda Meirani membeli Indomie Goreng sebanyak 10 dengan total harga Rp. 35.000.00', 'PG003', 'PB410', 'BG017', 10, 35000, '2022-10-21 00:00:00'),
('TRJ0013', 'Libryana Putri Santoso membeli Indomie Goreng sebanyak 10 dengan total harga Rp. 35.000.00', 'PG003', 'PB467', 'BG017', 10, 35000, '2022-10-21 00:00:00'),
('TRJ0014', 'Tariza Novitasari membeli Indomie Goreng sebanyak 5 dengan total harga Rp. 17.500.00', 'PG003', 'PB493', 'BG017', 5, 17500, '2022-10-21 00:00:00'),
('TRJ0015', 'Andre Maulana membeli Kertas HVS sebanyak 20 dengan total harga Rp. 5.000.00', 'PG003', 'PB010', 'BG008', 20, 5000, '2022-10-21 00:00:00'),
('TRJ0016', 'Arfan Ardiansyah membeli Oreo sebanyak 5 dengan total harga Rp. 10.000.00', 'PG003', 'PB011', 'BG016', 5, 10000, '2022-10-21 00:00:00'),
('TRJ0017', 'Achmad Baihaqi membeli Indomie Goreng sebanyak 4 dengan total harga Rp. 14.000.00', 'PG003', 'PB289', 'BG017', 4, 14000, '2022-10-21 00:00:00'),
('TRJ0018', 'Achmad Baihaqi membeli Indomie Goreng sebanyak 161 dengan total harga Rp. 563.500.00', 'PG003', 'PB289', 'BG017', 161, 563500, '2022-10-22 00:00:00'),
('TRJ0020', 'Dimas Abimanyu membeli Indomie Goreng sebanyak 20 dengan total harga Rp. 70.000.00', 'PG003', 'PB023', 'BG017', 20, 70000, '2022-10-22 00:00:00'),
('TRJ0021', 'Muhamad Abdul Ghoni membeli Teh Pucuk sebanyak 1 dengan total harga Rp. 4.000.00', 'PG003', 'PB068', 'BG003', 1, 4000, '2022-10-22 00:00:00'),
('TRJ0022', 'Muh. Misbakun membeli Teh Pucuk sebanyak 9 dengan total harga Rp. 36.000.00', 'PG003', 'PB330', 'BG003', 9, 36000, '2022-10-22 00:00:00'),
('TRJ0026', 'Achmad Romadoni membeli Hexos Candy sebanyak 6 dengan total harga Rp. 39.000.00', 'PG003', 'PB003', 'BG029', 6, 39000, '2022-10-22 00:00:00'),
('TRJ0027', 'Afif Fitra Nugroho membeli Kin A2 Yogurt sebanyak 2 dengan total harga Rp. 10.000.00', 'PG003', 'PB004', 'BG043', 2, 10000, '2022-10-22 00:00:00'),
('TRJ0028', 'Aga Deva Kharisma membeli Buavita Juice Orange sebanyak 1 dengan total harga Rp. 11.500.00', 'PG003', 'PB005', 'BG061', 1, 11500, '2022-10-22 00:00:00'),
('TRJ0029', 'Ahmad Edy Syaputra membeli Indomie Kuliner Ayam Medan sebanyak 4 dengan total harga Rp. 16.000.00', 'PG003', 'PB006', 'BG071', 4, 16000, '2022-10-22 00:00:00'),
('TRJ0030', 'Ahmad Fauzi Waro membeli Kusuka sebanyak 1 dengan total harga Rp. 14.500.00', 'PG003', 'PB007', 'BG048', 1, 14500, '2022-10-22 00:00:00'),
('TRJ0031', 'Abdul Fattah Burhanuddin membeli Kertas Folio sebanyak 7 dengan total harga Rp. 1.750.00', 'PG003', 'PB001', 'BG007', 7, 1750, '2022-10-22 00:00:00'),
('TRJ0033', 'Achmad Romadoni membeli Chitato sebanyak 5 dengan total harga Rp. 135.000.00', 'PG003', 'PB003', 'BG045', 5, 135000, '2022-10-22 00:00:00'),
('TRJ0034', 'Afif Fitra Nugroho membeli Indomie Goreng Rasa Rendang sebanyak 9 dengan total harga Rp. 36.900.00', 'PG003', 'PB004', 'BG065', 9, 36900, '2022-10-22 00:00:00'),
('TRJ0035', 'Ahmad Edy Syaputra membeli Indomie Rasa Ayam Bawang sebanyak 6 dengan total harga Rp. 24.000.00', 'PG003', 'PB006', 'BG068', 6, 24000, '2022-10-22 00:00:00'),
('TRJ0036', 'Andi Wijahnu Prasetyo membeli Indomie Goreng sebanyak 5 dengan total harga Rp. 17.500.00', 'PG003', 'PB009', 'BG017', 5, 17500, '2022-10-22 00:00:00'),
('TRJ0037', 'Bagus Tri Aditya membeli Indomie Goreng sebanyak 1 dengan total harga Rp. 3.500.00', 'PG003', 'PB015', 'BG017', 1, 3500, '2022-10-22 00:00:00'),
('TRJ0038', 'Bagus Aldian Hidayat membeli Oreo Chocolate Cream sebanyak 3 dengan total harga Rp. 6.000.00', 'PG003', 'PB014', 'BG016', 3, 6000, '2022-10-22 00:00:00'),
('TRJ0039', 'Asep Habidin Habibi membeli Indomie Goreng sebanyak 3 dengan total harga Rp. 10.500.00', 'PG003', 'PB012', 'BG017', 3, 10500, '2022-10-22 00:00:00'),
('TRJ0040', 'Asep Habidin Habibi membeli Spidol Biru sebanyak 5 dengan total harga Rp. 12.500.00', 'PG003', 'PB012', 'BG012', 5, 12500, '2022-10-22 00:00:00'),
('TRJ0041', 'Arfan Ardiansyah membeli Sedaap Mie Instan sebanyak 1 dengan total harga Rp. 3.500.00', 'PG003', 'PB011', 'BG031', 1, 3500, '2022-10-22 00:00:00'),
('TRJ0042', 'Achmad Romadoni membeli Frech Fries sebanyak 4 dengan total harga Rp. 30.000.00', 'PG003', 'PB003', 'BG050', 4, 30000, '2022-10-22 00:00:00'),
('TRJ0045', 'Achmad Romadoni membeli Tic Tac sebanyak 5 dengan total harga Rp. 32.500.00', 'PG003', 'PB003', 'BG049', 5, 32500, '2022-10-22 00:00:00'),
('TRJ0047', 'Andre Maulana membeli Indomie Kuliner Ayam Medan sebanyak 2 dengan total harga Rp. 8.000.00', 'PG003', 'PB010', 'BG071', 2, 8000, '2022-10-22 00:00:00'),
('TRJ0048', 'Eko Agung Santoso membeli Indomie Kuliner Cakalang sebanyak 5 dengan total harga Rp. 22.500.00', 'PG003', 'PB026', 'BG070', 5, 22500, '2022-10-22 00:00:00'),
('TRJ0049', 'Ahmad Riyanto membeli Nissin Crackers sebanyak 1 dengan total harga Rp. 6.000.00', 'PG003', 'PB008', 'BG026', 1, 6000, '2022-10-22 00:00:00'),
('TRJ0050', 'Andi Wijahnu Prasetyo membeli Hexos Candy sebanyak 4 dengan total harga Rp. 26.000.00', 'PG003', 'PB009', 'BG029', 4, 26000, '2022-10-22 00:00:00'),
('TRJ0051', 'Asep Habidin Habibi membeli Madu Tj sebanyak 2 dengan total harga Rp. 16.000.00', 'PG003', 'PB012', 'BG035', 2, 16000, '2022-10-22 00:00:00'),
('TRJ0052', 'Bagas Deo Alfiano membeli Chitato sebanyak 1 dengan total harga Rp. 27.000.00', 'PG003', 'PB013', 'BG045', 1, 27000, '2022-10-22 00:00:00'),
('TRJ0053', 'Bagus Aldian Hidayat membeli Piattos sebanyak 1 dengan total harga Rp. 9.500.00', 'PG003', 'PB014', 'BG046', 1, 9500, '2022-10-22 00:00:00'),
('TRJ0054', 'Bagus Tri Aditya membeli You C Healt Drink sebanyak 2 dengan total harga Rp. 16.400.00', 'PG003', 'PB015', 'BG059', 2, 16400, '2022-10-22 00:00:00'),
('TRJ0055', 'Bagus Tri Aditya membeli Indomie Kuliner Soto Padang sebanyak 3 dengan total harga Rp. 13.500.00', 'PG003', 'PB015', 'BG069', 3, 13500, '2022-10-22 00:00:00'),
('TRJ0056', 'Bambang Tri Prasetyo membeli Indomie Kuliner Cakalang sebanyak 1 dengan total harga Rp. 4.500.00', 'PG003', 'PB016', 'BG070', 1, 4500, '2022-10-22 00:00:00'),
('TRJ0057', 'Bayu Ilham Samudra membeli Indomie Kuliner Ayam Medan sebanyak 2 dengan total harga Rp. 8.000.00', 'PG003', 'PB017', 'BG071', 2, 8000, '2022-10-22 00:00:00'),
('TRJ0060', 'Deni Yuda Mahendra membeli Indomie Goreng Rasa Sate sebanyak 3 dengan total harga Rp. 12.000.00', 'PG003', 'PB020', 'BG064', 3, 12000, '2022-10-22 00:00:00'),
('TRJ0062', 'Deni Yuda Mahendra membeli Indomie Kuliner Ayam Medan sebanyak 1 dengan total harga Rp. 4.000.00', 'PG003', 'PB020', 'BG071', 1, 4000, '2022-10-22 00:00:00'),
('TRJ0063', 'Didit Antoni membeli Minute Maid Juice Pulpy sebanyak 7 dengan total harga Rp. 35.000.00', 'PG003', 'PB021', 'BG063', 7, 35000, '2022-10-22 00:00:00'),
('TRJ0065', 'Dimas Abimanyu membeli Roma Biscuit Sandwitch sebanyak 1 dengan total harga Rp. 10.000.00', 'PG003', 'PB023', 'BG056', 1, 10000, '2022-10-22 00:00:00'),
('TRJ0066', 'Echa Candra Utama membeli Buavita Juice Orange sebanyak 1 dengan total harga Rp. 11.500.00', 'PG003', 'PB024', 'BG061', 1, 11500, '2022-10-22 00:00:00'),
('TRJ0067', 'Echa Candra Utama membeli Indomie Kuliner Cakalang sebanyak 4 dengan total harga Rp. 18.000.00', 'PG003', 'PB024', 'BG070', 4, 18000, '2022-10-22 00:00:00'),
('TRJ0068', 'Ega Rifky Prayoga membeli Indomie Kuliner Ayam Medan sebanyak 1 dengan total harga Rp. 4.000.00', 'PG003', 'PB025', 'BG071', 1, 4000, '2022-10-22 00:00:00'),
('TRJ0069', 'Ega Rifky Prayoga membeli Kusuka sebanyak 2 dengan total harga Rp. 29.000.00', 'PG003', 'PB025', 'BG048', 2, 29000, '2022-10-22 00:00:00'),
('TRJ0070', 'Eko Agung Santoso membeli Silver Queen sebanyak 1 dengan total harga Rp. 10.500.00', 'PG003', 'PB026', 'BG052', 1, 10500, '2022-10-22 00:00:00'),
('TRJ0071', 'Elvira Nanda Julia membeli Kacang Garuda Atom Pedas sebanyak 1 dengan total harga Rp. 21.000.00', 'PG003', 'PB027', 'BG054', 1, 21000, '2022-10-22 00:00:00'),
('TRJ0072', 'Faiz Lailli Alqurnia membeli Chitato sebanyak 3 dengan total harga Rp. 81.000.00', 'PG003', 'PB029', 'BG045', 3, 81000, '2022-10-22 00:00:00'),
('TRJ0073', 'Faizal Dwi Pratama membeli Qtela sebanyak 3 dengan total harga Rp. 45.000.00', 'PG003', 'PB030', 'BG044', 3, 45000, '2022-10-22 00:00:00'),
('TRJ0074', 'Fajar Supriyanto membeli Qtela sebanyak 2 dengan total harga Rp. 30.000.00', 'PG003', 'PB031', 'BG044', 2, 30000, '2022-10-22 00:00:00'),
('TRJ0075', 'Farel Kurniawan membeli Kusuka sebanyak 2 dengan total harga Rp. 29.000.00', 'PG003', 'PB032', 'BG048', 2, 29000, '2022-10-22 00:00:00'),
('TRJ0076', 'Farel Kurniawan membeli Kusuka sebanyak 1 dengan total harga Rp. 14.500.00', 'PG003', 'PB032', 'BG048', 1, 14500, '2022-10-22 00:00:00'),
('TRJ0077', 'Febri Setiawan membeli Frech Fries sebanyak 2 dengan total harga Rp. 15.000.00', 'PG003', 'PB033', 'BG050', 2, 15000, '2022-10-22 00:00:00'),
('TRJ0078', 'Feby Ayu Dyah Pitaloka membeli Dairy Milk sebanyak 1 dengan total harga Rp. 9.000.00', 'PG003', 'PB034', 'BG051', 1, 9000, '2022-10-22 00:00:00'),
('TRJ0080', 'Firdhaus Aprileo Prasetiyo membeli Mister Potato Snack Crips sebanyak 1 dengan total harga Rp. 12.500.00', 'PG003', 'PB035', 'BG055', 1, 12500, '2022-10-22 00:00:00'),
('TRJ0081', 'Firdhaus Aprileo Prasetiyo membeli Roma Biscuit Sandwitch sebanyak 1 dengan total harga Rp. 10.000.00', 'PG003', 'PB035', 'BG056', 1, 10000, '2022-10-22 00:00:00'),
('TRJ0082', 'Galih Priyanggara membeli Minute Maid Juice Pulpy sebanyak 2 dengan total harga Rp. 10.000.00', 'PG003', 'PB036', 'BG063', 2, 10000, '2022-10-22 00:00:00'),
('TRJ0083', 'George Walker Cristian Nebangka membeli Kacang Garuda Atom Pedas sebanyak 5 dengan total harga Rp. 105.000.00', 'PG003', 'PB037', 'BG054', 5, 105000, '2022-10-22 00:00:00'),
('TRJ0084', 'Gilang Nur Fauzi membeli Nextar Nastar Cookies sebanyak 8 dengan total harga Rp. 20.800.00', 'PG003', 'PB038', 'BG057', 8, 20800, '2022-10-22 00:00:00'),
('TRJ0085', 'Gita Sania Sallsa Billa membeli Kacang Garuda Atom Pedas sebanyak 4 dengan total harga Rp. 84.000.00', 'PG003', 'PB039', 'BG054', 4, 84000, '2022-10-22 00:00:00'),
('TRJ0086', 'Habib Dwi Febriansyah membeli Chitato sebanyak 15 dengan total harga Rp. 405.000.00', 'PG003', 'PB040', 'BG045', 15, 405000, '2022-10-22 00:00:00'),
('TRJ0087', 'Gita Sania Sallsa Billa membeli Hollanda Gery Butter Cokkies sebanyak 5 dengan total harga Rp. 125.000.00', 'PG003', 'PB039', 'BG040', 5, 125000, '2022-10-22 00:00:00'),
('TRJ0088', 'Hendro Wawan Setiyo membeli Mister Potato Snack sebanyak 6 dengan total harga Rp. 36.000.00', 'PG003', 'PB041', 'BG042', 6, 36000, '2022-10-22 00:00:00'),
('TRJ0089', 'Ilham Adinata membeli Hollanda Gery Butter Cokkies sebanyak 6 dengan total harga Rp. 150.000.00', 'PG003', 'PB042', 'BG040', 6, 150000, '2022-10-22 00:00:00'),
('TRJ0090', 'Imam Khoiri membeli Kin A2 Yogurt sebanyak 3 dengan total harga Rp. 15.000.00', 'PG003', 'PB044', 'BG043', 3, 15000, '2022-10-22 00:00:00'),
('TRJ0091', 'Ine Octa Firmana Putri membeli Kin A2 Yogurt sebanyak 1 dengan total harga Rp. 5.000.00', 'PG003', 'PB045', 'BG043', 1, 5000, '2022-10-22 00:00:00'),
('TRJ0092', 'Iqbal Dwi Irawan membeli Kin A2 Yogurt sebanyak 1 dengan total harga Rp. 5.000.00', 'PG003', 'PB046', 'BG043', 1, 5000, '2022-10-22 00:00:00'),
('TRJ0093', 'Kurniawati membeli Mister Potato Snack sebanyak 3 dengan total harga Rp. 18.000.00', 'PG003', 'PB047', 'BG042', 3, 18000, '2022-10-22 00:00:00'),
('TRJ0094', 'Ega Rifky Prayoga membeli Hollanda Gery Butter Cokkies sebanyak 3 dengan total harga Rp. 75.000.00', 'PG003', 'PB025', 'BG040', 3, 75000, '2022-10-22 00:00:00'),
('TRJ0098', 'Muhammad Abdul Lathif Arrohman membeli Indomie Goreng sebanyak 7 dengan total harga Rp. 24,500.00', 'PG003', 'PB071', 'BG017', 7, 24500, '2022-10-23 00:00:00'),
('TRJ0099', 'Abdul Fattah Burhanuddin membeli Kertas HVS sebanyak 5 dengan total harga Rp. 1,250.00', 'PG003', 'PB001', 'BG008', 5, 1250, '2022-10-23 00:00:00'),
('TRJ0100', 'Achmad Romadoni membeli Kertas Folio sebanyak 3 dengan total harga Rp. 750.00', 'pg003', 'PB003', 'BG007', 3, 750, '2022-10-23 00:00:00'),
('TRJ0102', 'Abdul Fattah Burhanuddin membeli Indomilk sebanyak 3 dengan total harga Rp. 7,500.00', 'pg003', 'PB001', 'BG006', 3, 7500, '2022-10-23 00:00:00'),
('TRJ0104', 'Abdul Fattah Burhanuddin membeli Sprite sebanyak 1 dengan total harga Rp. 4,000.00', 'PG003', 'PB001', 'BG001', 1, 4000, '2022-11-15 00:00:00'),
('TRJ0105', 'Afif Fitra Nugroho membeli Sprite sebanyak 6 dengan total harga Rp. 24,000.00', 'pg003', 'PB004', 'BG001', 6, 24000, '2022-11-22 00:00:00'),
('TRJ0106', 'Achmad Romadoni membeli Kertas Folio sebanyak 1 dengan total harga Rp. 250.00', 'pg003', 'PB003', 'BG007', 1, 250, '2022-11-28 00:00:00'),
('TRJ0107', 'Ahmad Edy Syaputra membeli Kertas Hvs sebanyak 6 dengan total harga Rp. 1,500.00', 'pg003', 'PB006', 'BG008', 6, 1500, '2022-11-28 00:00:00'),
('TRJ0108', 'Ahmad Edy Syaputra membeli Pulpen Snowman sebanyak 1 dengan total harga Rp. 2,000.00', 'pg003', 'PB006', 'BG009', 1, 2000, '2022-11-28 00:00:00'),
('TRJ0109', 'Achmad Romadoni membeli Kertas Folio sebanyak 7 dengan total harga Rp. 1,750.00', 'pg003', 'PB003', 'BG007', 7, 1750, '2022-11-29 00:00:00'),
('TRJ0111', 'Ahmad Fauzi Waro membeli Indomilk sebanyak 4 dengan total harga Rp. 10,000.00', 'pg003', 'PB007', 'BG006', 4, 10000, '2022-11-29 00:00:00'),
('TRJ0113', 'Abdul Fattah Burhanuddin membeli Indomilk sebanyak 1 dengan total harga Rp. 2,500.00', 'pg003', 'PB001', 'BG006', 1, 2500, '2022-11-30 00:00:00'),
('TRJ0114', 'Ahmad Riyanto membeli Spidol Biru sebanyak 1 dengan total harga Rp. 2,500.00', 'pg003', 'PB008', 'BG012', 1, 2500, '2022-11-30 00:00:00'),
('TRJ0115', 'Achmad Romadoni membeli Teh Pucuk sebanyak 3 dengan total harga Rp. 12,000.00', 'pg003', 'PB003', 'BG003', 3, 12000, '2022-12-01 00:00:00'),
('TRJ0116', 'Achmad Romadoni membeli Spidol Hitam sebanyak 1 dengan total harga Rp. 2,500.00', 'pg003', 'PB003', 'BG010', 1, 2500, '2022-12-01 00:00:00'),
('TRJ0117', 'Bagas Deo Alfiano membeli Cadbury Chocolate sebanyak 1 dengan total harga Rp. 10,000.00', 'pg003', 'PB013', 'BG021', 1, 10000, '2022-12-01 00:00:00'),
('TRJ0119', 'Ine Octa Firmana Putri membeli Spidol Hitam sebanyak 1 dengan total harga Rp. 2,500.00', 'pg003', 'PB045', 'BG010', 1, 2500, '2022-12-01 00:00:00'),
('TRJ0120', 'Afif Fitra Nugroho membeli Indomilk sebanyak 4 dengan total harga Rp. 10,000.00', 'pg002', 'PB004', 'BG006', 4, 10000, '2022-12-02 00:00:00'),
('TRJ0121', 'Abdul Fattah Burhanuddin membeli Indomilk sebanyak 4 dengan total harga Rp. 10,000.00', 'pg002', 'PB001', 'BG006', 4, 10000, '2022-12-02 00:00:00'),
('TRJ0122', 'Ahmad Edy Syaputra membeli Indomilk sebanyak 6 dengan total harga Rp. 15,000.00', 'pg003', 'PB006', 'BG006', 6, 15000, '2022-12-02 00:00:00'),
('TRJ0123', 'Achmad Romadoni membeli Spidol Merah sebanyak 1 dengan total harga Rp. 2,500.00', 'pg003', 'PB003', 'BG011', 1, 2500, '2022-12-04 00:00:00'),
('TRJ0124', 'Ahmad Fauzi Waro membeli Pulpen Snowman sebanyak 5 dengan total harga Rp. 10,000.00', 'pg003', 'PB007', 'BG009', 5, 10000, '2022-12-04 13:18:23'),
('TRJ0125', 'Afif Fitra Nugroho membeli aqua cleo sebanyak 10 dengan total harga Rp. 25,000.00', 'pg003', 'PB004', 'BG001', 10, 25000, '2022-12-04 21:38:33');

--
-- Triggers `transaksi_jual`
--
DELIMITER $$
CREATE TRIGGER `insert_transaksi_jual` AFTER INSERT ON `transaksi_jual` FOR EACH ROW SELECT id_barang INTO @id_barang FROM transaksi_jual ORDER BY id_tr_jual DESC LIMIT 0,1
$$
DELIMITER ;

-- --------------------------------------------------------

--
-- Table structure for table `users`
--

CREATE TABLE IF NOT EXISTS `users` (
  `id_user` varchar(5) NOT NULL,
  `password` varchar(30) NOT NULL,
  `level` enum('ADMIN','KARYAWAN','PEMBELI','SUPPLIER') NOT NULL,
  PRIMARY KEY (`id_user`)
) ENGINE=InnoDB DEFAULT CHARSET=utf8mb4;

--
-- Dumping data for table `users`
--

INSERT INTO `users` (`id_user`, `password`, `level`) VALUES
('PB001', '12345', 'PEMBELI'),
('PB003', '12345', 'PEMBELI'),
('PB004', '12345', 'PEMBELI'),
('PB005', '12345', 'PEMBELI'),
('PB006', '12345', 'PEMBELI'),
('PB007', '12345', 'PEMBELI'),
('PB008', '12345', 'PEMBELI'),
('PB009', '12345', 'PEMBELI'),
('PB010', '12345', 'PEMBELI'),
('PB011', '12345', 'PEMBELI'),
('PB012', '12345', 'PEMBELI'),
('PB013', '12345', 'PEMBELI'),
('PB014', '12345', 'PEMBELI'),
('PB015', '12345', 'PEMBELI'),
('PB016', '12345', 'PEMBELI'),
('PB017', '12345', 'PEMBELI'),
('PB018', '12345', 'PEMBELI'),
('PB019', '12345', 'PEMBELI'),
('PB020', '12345', 'PEMBELI'),
('PB021', '12345', 'PEMBELI'),
('PB022', '12345', 'PEMBELI'),
('PB023', '12345', 'PEMBELI'),
('PB024', '12345', 'PEMBELI'),
('PB025', '12345', 'PEMBELI'),
('PB026', '12345', 'PEMBELI'),
('PB027', '12345', 'PEMBELI'),
('PB028', '12345', 'PEMBELI'),
('PB029', '12345', 'PEMBELI'),
('PB030', '12345', 'PEMBELI'),
('PB031', '12345', 'PEMBELI'),
('PB032', '12345', 'PEMBELI'),
('PB033', '12345', 'PEMBELI'),
('PB034', '12345', 'PEMBELI'),
('PB035', '12345', 'PEMBELI'),
('PB036', '12345', 'PEMBELI'),
('PB037', '12345', 'PEMBELI'),
('PB038', '12345', 'PEMBELI'),
('PB039', '12345', 'PEMBELI'),
('PB040', '12345', 'PEMBELI'),
('PB041', '12345', 'PEMBELI'),
('PB042', '12345', 'PEMBELI'),
('PB043', '12345', 'PEMBELI'),
('PB044', '12345', 'PEMBELI'),
('PB045', '12345', 'PEMBELI'),
('PB046', '12345', 'PEMBELI'),
('PB047', '12345', 'PEMBELI'),
('PB048', '12345', 'PEMBELI'),
('PB049', '12345', 'PEMBELI'),
('PB050', '12345', 'PEMBELI'),
('PB051', '12345', 'PEMBELI'),
('PB052', '12345', 'PEMBELI'),
('PB053', '12345', 'PEMBELI'),
('PB054', '12345', 'PEMBELI'),
('PB055', '12345', 'PEMBELI'),
('PB056', '12345', 'PEMBELI'),
('PB057', '12345', 'PEMBELI'),
('PB058', '12345', 'PEMBELI'),
('PB059', '12345', 'PEMBELI'),
('PB060', '12345', 'PEMBELI'),
('PB061', '12345', 'PEMBELI'),
('PB062', '12345', 'PEMBELI'),
('PB063', '12345', 'PEMBELI'),
('PB064', '12345', 'PEMBELI'),
('PB065', '12345', 'PEMBELI'),
('PB066', '12345', 'PEMBELI'),
('PB067', '12345', 'PEMBELI'),
('PB068', '12345', 'PEMBELI'),
('PB069', '12345', 'PEMBELI'),
('PB070', '12345', 'PEMBELI'),
('PB071', '12345', 'PEMBELI'),
('PB072', '12345', 'PEMBELI'),
('PB073', '12345', 'PEMBELI'),
('PB074', '12345', 'PEMBELI'),
('PB075', '12345', 'PEMBELI'),
('PB076', '12345', 'PEMBELI'),
('PB077', '12345', 'PEMBELI'),
('PB078', '12345', 'PEMBELI'),
('PB079', '12345', 'PEMBELI'),
('PB080', '12345', 'PEMBELI'),
('PB081', '12345', 'PEMBELI'),
('PB082', '12345', 'PEMBELI'),
('PB083', '12345', 'PEMBELI'),
('PB084', '12345', 'PEMBELI'),
('PB085', '12345', 'PEMBELI'),
('PB086', '12345', 'PEMBELI'),
('PB087', '12345', 'PEMBELI'),
('PB088', '12345', 'PEMBELI'),
('PB089', '12345', 'PEMBELI'),
('PB090', '12345', 'PEMBELI'),
('PB091', '12345', 'PEMBELI'),
('PB092', '12345', 'PEMBELI'),
('PB093', '12345', 'PEMBELI'),
('PB094', '12345', 'PEMBELI'),
('PB095', '12345', 'PEMBELI'),
('PB096', '12345', 'PEMBELI'),
('PB097', '12345', 'PEMBELI'),
('PB098', '12345', 'PEMBELI'),
('PB099', '12345', 'PEMBELI'),
('PB100', '12345', 'PEMBELI'),
('PB101', '12345', 'PEMBELI'),
('PB102', '12345', 'PEMBELI'),
('PB103', '12345', 'PEMBELI'),
('PB104', '12345', 'PEMBELI'),
('PB105', '12345', 'PEMBELI'),
('PB106', '12345', 'PEMBELI'),
('PB107', '12345', 'PEMBELI'),
('PB108', '12345', 'PEMBELI'),
('PB109', '12345', 'PEMBELI'),
('PB110', '12345', 'PEMBELI'),
('PB111', '12345', 'PEMBELI'),
('PB112', '12345', 'PEMBELI'),
('PB113', '12345', 'PEMBELI'),
('PB114', '12345', 'PEMBELI'),
('PB115', '12345', 'PEMBELI'),
('PB116', '12345', 'PEMBELI'),
('PB117', '12345', 'PEMBELI'),
('PB118', '12345', 'PEMBELI'),
('PB119', '12345', 'PEMBELI'),
('PB120', '12345', 'PEMBELI'),
('PB121', '12345', 'PEMBELI'),
('PB122', '12345', 'PEMBELI'),
('PB123', '12345', 'PEMBELI'),
('PB124', '12345', 'PEMBELI'),
('PB125', '12345', 'PEMBELI'),
('PB126', '12345', 'PEMBELI'),
('PB127', '12345', 'PEMBELI'),
('PB128', '12345', 'PEMBELI'),
('PB129', '12345', 'PEMBELI'),
('PB130', '12345', 'PEMBELI'),
('PB131', '12345', 'PEMBELI'),
('PB132', '12345', 'PEMBELI'),
('PB133', '12345', 'PEMBELI'),
('PB134', '12345', 'PEMBELI'),
('PB135', '12345', 'PEMBELI'),
('PB136', '12345', 'PEMBELI'),
('PB137', '12345', 'PEMBELI'),
('PB138', '12345', 'PEMBELI'),
('PB139', '12345', 'PEMBELI'),
('PB140', '12345', 'PEMBELI'),
('PB141', '12345', 'PEMBELI'),
('PB142', '12345', 'PEMBELI'),
('PB143', '12345', 'PEMBELI'),
('PB144', '12345', 'PEMBELI'),
('PB145', '12345', 'PEMBELI'),
('PB146', '12345', 'PEMBELI'),
('PB147', '12345', 'PEMBELI'),
('PB148', '12345', 'PEMBELI'),
('PB149', '12345', 'PEMBELI'),
('PB150', '12345', 'PEMBELI'),
('PB151', '12345', 'PEMBELI'),
('PB152', '12345', 'PEMBELI'),
('PB153', '12345', 'PEMBELI'),
('PB154', '12345', 'PEMBELI'),
('PB155', '12345', 'PEMBELI'),
('PB156', '12345', 'PEMBELI'),
('PB157', '12345', 'PEMBELI'),
('PB158', '12345', 'PEMBELI'),
('PB159', '12345', 'PEMBELI'),
('PB160', '12345', 'PEMBELI'),
('PB161', '12345', 'PEMBELI'),
('PB162', '12345', 'PEMBELI'),
('PB163', '12345', 'PEMBELI'),
('PB164', '12345', 'PEMBELI'),
('PB165', '12345', 'PEMBELI'),
('PB166', '12345', 'PEMBELI'),
('PB167', '12345', 'PEMBELI'),
('PB168', '12345', 'PEMBELI'),
('PB169', '12345', 'PEMBELI'),
('PB170', '12345', 'PEMBELI'),
('PB171', '12345', 'PEMBELI'),
('PB172', '12345', 'PEMBELI'),
('PB173', '12345', 'PEMBELI'),
('PB174', '12345', 'PEMBELI'),
('PB175', '12345', 'PEMBELI'),
('PB176', '12345', 'PEMBELI'),
('PB177', '12345', 'PEMBELI'),
('PB178', '12345', 'PEMBELI'),
('PB179', '12345', 'PEMBELI'),
('PB180', '12345', 'PEMBELI'),
('PB181', '12345', 'PEMBELI'),
('PB182', '12345', 'PEMBELI'),
('PB183', '12345', 'PEMBELI'),
('PB184', '12345', 'PEMBELI'),
('PB185', '12345', 'PEMBELI'),
('PB186', '12345', 'PEMBELI'),
('PB187', '12345', 'PEMBELI'),
('PB188', '12345', 'PEMBELI'),
('PB189', '12345', 'PEMBELI'),
('PB190', '12345', 'PEMBELI'),
('PB191', '12345', 'PEMBELI'),
('PB192', '12345', 'PEMBELI'),
('PB193', '12345', 'PEMBELI'),
('PB194', '12345', 'PEMBELI'),
('PB195', '12345', 'PEMBELI'),
('PB196', '12345', 'PEMBELI'),
('PB197', '12345', 'PEMBELI'),
('PB198', '12345', 'PEMBELI'),
('PB199', '12345', 'PEMBELI'),
('PB200', '12345', 'PEMBELI'),
('PB201', '12345', 'PEMBELI'),
('PB202', '12345', 'PEMBELI'),
('PB203', '12345', 'PEMBELI'),
('PB204', '12345', 'PEMBELI'),
('PB205', '12345', 'PEMBELI'),
('PB206', '12345', 'PEMBELI'),
('PB207', '12345', 'PEMBELI'),
('PB208', '12345', 'PEMBELI'),
('PB209', '12345', 'PEMBELI'),
('PB210', '12345', 'PEMBELI'),
('PB211', '12345', 'PEMBELI'),
('PB212', '12345', 'PEMBELI'),
('PB213', '12345', 'PEMBELI'),
('PB214', '12345', 'PEMBELI'),
('PB215', '12345', 'PEMBELI'),
('PB216', '12345', 'PEMBELI'),
('PB217', '12345', 'PEMBELI'),
('PB218', '12345', 'PEMBELI'),
('PB219', '12345', 'PEMBELI'),
('PB220', '12345', 'PEMBELI'),
('PB221', '12345', 'PEMBELI'),
('PB222', '12345', 'PEMBELI'),
('PB223', '12345', 'PEMBELI'),
('PB224', '12345', 'PEMBELI'),
('PB225', '12345', 'PEMBELI'),
('PB226', '12345', 'PEMBELI'),
('PB227', '12345', 'PEMBELI'),
('PB228', '12345', 'PEMBELI'),
('PB229', '12345', 'PEMBELI'),
('PB230', '12345', 'PEMBELI'),
('PB231', '12345', 'PEMBELI'),
('PB232', '12345', 'PEMBELI'),
('PB233', '12345', 'PEMBELI'),
('PB234', '12345', 'PEMBELI'),
('PB235', '12345', 'PEMBELI'),
('PB236', '12345', 'PEMBELI'),
('PB237', '12345', 'PEMBELI'),
('PB238', '12345', 'PEMBELI'),
('PB239', '12345', 'PEMBELI'),
('PB240', '12345', 'PEMBELI'),
('PB241', '12345', 'PEMBELI'),
('PB242', '12345', 'PEMBELI'),
('PB243', '12345', 'PEMBELI'),
('PB244', '12345', 'PEMBELI'),
('PB245', '12345', 'PEMBELI'),
('PB246', '12345', 'PEMBELI'),
('PB247', '12345', 'PEMBELI'),
('PB248', '12345', 'PEMBELI'),
('PB249', '12345', 'PEMBELI'),
('PB250', '12345', 'PEMBELI'),
('PB251', '12345', 'PEMBELI'),
('PB252', '12345', 'PEMBELI'),
('PB253', '12345', 'PEMBELI'),
('PB254', '12345', 'PEMBELI'),
('PB255', '12345', 'PEMBELI'),
('PB256', '12345', 'PEMBELI'),
('PB257', '12345', 'PEMBELI'),
('PB258', '12345', 'PEMBELI'),
('PB259', '12345', 'PEMBELI'),
('PB260', '12345', 'PEMBELI'),
('PB261', '12345', 'PEMBELI'),
('PB262', '12345', 'PEMBELI'),
('PB263', '12345', 'PEMBELI'),
('PB264', '12345', 'PEMBELI'),
('PB265', '12345', 'PEMBELI'),
('PB266', '12345', 'PEMBELI'),
('PB267', '12345', 'PEMBELI'),
('PB268', '12345', 'PEMBELI'),
('PB269', '12345', 'PEMBELI'),
('PB270', '12345', 'PEMBELI'),
('PB271', '12345', 'PEMBELI'),
('PB272', '12345', 'PEMBELI'),
('PB273', '12345', 'PEMBELI'),
('PB274', '12345', 'PEMBELI'),
('PB275', '12345', 'PEMBELI'),
('PB276', '12345', 'PEMBELI'),
('PB277', '12345', 'PEMBELI'),
('PB278', '12345', 'PEMBELI'),
('PB279', '12345', 'PEMBELI'),
('PB280', '12345', 'PEMBELI'),
('PB281', '12345', 'PEMBELI'),
('PB282', '12345', 'PEMBELI'),
('PB283', '12345', 'PEMBELI'),
('PB284', '12345', 'PEMBELI'),
('PB285', '12345', 'PEMBELI'),
('PB286', '12345', 'PEMBELI'),
('PB287', '12345', 'PEMBELI'),
('PB288', '12345', 'PEMBELI'),
('PB289', '12345', 'PEMBELI'),
('PB290', '12345', 'PEMBELI'),
('PB291', '12345', 'PEMBELI'),
('PB292', '12345', 'PEMBELI'),
('PB293', '12345', 'PEMBELI'),
('PB294', '12345', 'PEMBELI'),
('PB295', '12345', 'PEMBELI'),
('PB296', '12345', 'PEMBELI'),
('PB297', '12345', 'PEMBELI'),
('PB298', '12345', 'PEMBELI'),
('PB299', '12345', 'PEMBELI'),
('PB300', '12345', 'PEMBELI'),
('PB301', '12345', 'PEMBELI'),
('PB302', '12345', 'PEMBELI'),
('PB303', '12345', 'PEMBELI'),
('PB304', '12345', 'PEMBELI'),
('PB305', '12345', 'PEMBELI'),
('PB306', '12345', 'PEMBELI'),
('PB307', '12345', 'PEMBELI'),
('PB308', '12345', 'PEMBELI'),
('PB309', '12345', 'PEMBELI'),
('PB310', '12345', 'PEMBELI'),
('PB311', '12345', 'PEMBELI'),
('PB312', '12345', 'PEMBELI'),
('PB313', '12345', 'PEMBELI'),
('PB314', '12345', 'PEMBELI'),
('PB315', '12345', 'PEMBELI'),
('PB316', '12345', 'PEMBELI'),
('PB317', '12345', 'PEMBELI'),
('PB318', '12345', 'PEMBELI'),
('PB319', '12345', 'PEMBELI'),
('PB320', '12345', 'PEMBELI'),
('PB321', '12345', 'PEMBELI'),
('PB322', '12345', 'PEMBELI'),
('PB323', '12345', 'PEMBELI'),
('PB324', '12345', 'PEMBELI'),
('PB325', '12345', 'PEMBELI'),
('PB326', '12345', 'PEMBELI'),
('PB327', '12345', 'PEMBELI'),
('PB328', '12345', 'PEMBELI'),
('PB329', '12345', 'PEMBELI'),
('PB330', '12345', 'PEMBELI'),
('PB331', '12345', 'PEMBELI'),
('PB332', '12345', 'PEMBELI'),
('PB333', '12345', 'PEMBELI'),
('PB334', '12345', 'PEMBELI'),
('PB335', '12345', 'PEMBELI'),
('PB336', '12345', 'PEMBELI'),
('PB337', '12345', 'PEMBELI'),
('PB338', '12345', 'PEMBELI'),
('PB339', '12345', 'PEMBELI'),
('PB340', '12345', 'PEMBELI'),
('PB341', '12345', 'PEMBELI'),
('PB342', '12345', 'PEMBELI'),
('PB343', '12345', 'PEMBELI'),
('PB344', '12345', 'PEMBELI'),
('PB345', '12345', 'PEMBELI'),
('PB346', '12345', 'PEMBELI'),
('PB347', '12345', 'PEMBELI'),
('PB348', '12345', 'PEMBELI'),
('PB349', '12345', 'PEMBELI'),
('PB350', '12345', 'PEMBELI'),
('PB351', '12345', 'PEMBELI'),
('PB352', '12345', 'PEMBELI'),
('PB353', '12345', 'PEMBELI'),
('PB354', '12345', 'PEMBELI'),
('PB355', '12345', 'PEMBELI'),
('PB356', '12345', 'PEMBELI'),
('PB357', '12345', 'PEMBELI'),
('PB358', '12345', 'PEMBELI'),
('PB359', '12345', 'PEMBELI'),
('PB360', '12345', 'PEMBELI'),
('PB361', '12345', 'PEMBELI'),
('PB362', '12345', 'PEMBELI'),
('PB363', '12345', 'PEMBELI'),
('PB364', '12345', 'PEMBELI'),
('PB365', '12345', 'PEMBELI'),
('PB366', '12345', 'PEMBELI'),
('PB367', '12345', 'PEMBELI'),
('PB368', '12345', 'PEMBELI'),
('PB369', '12345', 'PEMBELI'),
('PB370', '12345', 'PEMBELI'),
('PB371', '12345', 'PEMBELI'),
('PB372', '12345', 'PEMBELI'),
('PB373', '12345', 'PEMBELI'),
('PB374', '12345', 'PEMBELI'),
('PB375', '12345', 'PEMBELI'),
('PB376', '12345', 'PEMBELI'),
('PB377', '12345', 'PEMBELI'),
('PB378', '12345', 'PEMBELI'),
('PB379', '12345', 'PEMBELI'),
('PB380', '12345', 'PEMBELI'),
('PB381', '12345', 'PEMBELI'),
('PB382', '12345', 'PEMBELI'),
('PB383', '12345', 'PEMBELI'),
('PB384', '12345', 'PEMBELI'),
('PB385', '12345', 'PEMBELI'),
('PB386', '12345', 'PEMBELI'),
('PB387', '12345', 'PEMBELI'),
('PB388', '12345', 'PEMBELI'),
('PB389', '12345', 'PEMBELI'),
('PB390', '12345', 'PEMBELI'),
('PB391', '12345', 'PEMBELI'),
('PB392', '12345', 'PEMBELI'),
('PB393', '12345', 'PEMBELI'),
('PB394', '12345', 'PEMBELI'),
('PB395', '12345', 'PEMBELI'),
('PB396', '12345', 'PEMBELI'),
('PB397', '12345', 'PEMBELI'),
('PB398', '12345', 'PEMBELI'),
('PB399', '12345', 'PEMBELI'),
('PB400', '12345', 'PEMBELI'),
('PB401', '12345', 'PEMBELI'),
('PB402', '12345', 'PEMBELI'),
('PB403', '12345', 'PEMBELI'),
('PB404', '12345', 'PEMBELI'),
('PB405', '12345', 'PEMBELI'),
('PB406', '12345', 'PEMBELI'),
('PB407', '12345', 'PEMBELI'),
('PB408', '12345', 'PEMBELI'),
('PB409', '12345', 'PEMBELI'),
('PB410', '12345', 'PEMBELI'),
('PB411', '12345', 'PEMBELI'),
('PB412', '12345', 'PEMBELI'),
('PB413', '12345', 'PEMBELI'),
('PB414', '12345', 'PEMBELI'),
('PB415', '12345', 'PEMBELI'),
('PB416', '12345', 'PEMBELI'),
('PB417', '12345', 'PEMBELI'),
('PB418', '12345', 'PEMBELI'),
('PB419', '12345', 'PEMBELI'),
('PB420', '12345', 'PEMBELI'),
('PB421', '12345', 'PEMBELI'),
('PB422', '12345', 'PEMBELI'),
('PB423', '12345', 'PEMBELI'),
('PB424', '12345', 'PEMBELI'),
('PB425', '12345', 'PEMBELI'),
('PB426', '12345', 'PEMBELI'),
('PB427', '12345', 'PEMBELI'),
('PB428', '12345', 'PEMBELI'),
('PB429', '12345', 'PEMBELI'),
('PB430', '12345', 'PEMBELI'),
('PB431', '12345', 'PEMBELI'),
('PB432', '12345', 'PEMBELI'),
('PB433', '12345', 'PEMBELI'),
('PB434', '12345', 'PEMBELI'),
('PB435', '12345', 'PEMBELI'),
('PB436', '12345', 'PEMBELI'),
('PB437', '12345', 'PEMBELI'),
('PB438', '12345', 'PEMBELI'),
('PB439', '12345', 'PEMBELI'),
('PB440', '12345', 'PEMBELI'),
('PB441', '12345', 'PEMBELI'),
('PB442', '12345', 'PEMBELI'),
('PB443', '12345', 'PEMBELI'),
('PB444', '12345', 'PEMBELI'),
('PB445', '12345', 'PEMBELI'),
('PB446', '12345', 'PEMBELI'),
('PB447', '12345', 'PEMBELI'),
('PB448', '12345', 'PEMBELI'),
('PB449', '12345', 'PEMBELI'),
('PB450', '12345', 'PEMBELI'),
('PB451', '12345', 'PEMBELI'),
('PB452', '12345', 'PEMBELI'),
('PB453', '12345', 'PEMBELI'),
('PB454', '12345', 'PEMBELI'),
('PB455', '12345', 'PEMBELI'),
('PB456', '12345', 'PEMBELI'),
('PB457', '12345', 'PEMBELI'),
('PB458', '12345', 'PEMBELI'),
('PB459', '12345', 'PEMBELI'),
('PB460', '12345', 'PEMBELI'),
('PB461', '12345', 'PEMBELI'),
('PB462', '12345', 'PEMBELI'),
('PB463', '12345', 'PEMBELI'),
('PB464', '12345', 'PEMBELI'),
('PB465', '12345', 'PEMBELI'),
('PB466', '12345', 'PEMBELI'),
('PB467', '12345', 'PEMBELI'),
('PB468', '12345', 'PEMBELI'),
('PB469', '12345', 'PEMBELI'),
('PB470', '12345', 'PEMBELI'),
('PB471', '12345', 'PEMBELI'),
('PB472', '12345', 'PEMBELI'),
('PB473', '12345', 'PEMBELI'),
('PB474', '12345', 'PEMBELI'),
('PB475', '12345', 'PEMBELI'),
('PB476', '12345', 'PEMBELI'),
('PB477', '12345', 'PEMBELI'),
('PB478', '12345', 'PEMBELI'),
('PB479', '12345', 'PEMBELI'),
('PB480', '12345', 'PEMBELI'),
('PB481', '12345', 'PEMBELI'),
('PB482', '12345', 'PEMBELI'),
('PB483', '12345', 'PEMBELI'),
('PB484', '12345', 'PEMBELI'),
('PB485', '12345', 'PEMBELI'),
('PB486', '12345', 'PEMBELI'),
('PB487', '12345', 'PEMBELI'),
('PB488', '12345', 'PEMBELI'),
('PB489', '12345', 'PEMBELI'),
('PB490', '12345', 'PEMBELI'),
('PB491', '12345', 'PEMBELI'),
('PB492', '12345', 'PEMBELI'),
('PB493', '12345', 'PEMBELI'),
('PB494', '12345', 'PEMBELI'),
('PB495', '12345', 'PEMBELI'),
('PB496', '12345', 'PEMBELI'),
('PB497', '12345', 'PEMBELI'),
('PB498', '12345', 'PEMBELI'),
('PB499', '12345', 'PEMBELI'),
('PB500', '12345', 'PEMBELI'),
('PB501', '12345', 'PEMBELI'),
('PB502', '12345', 'PEMBELI'),
('PB503', '12345', 'PEMBELI'),
('PB504', '12345', 'PEMBELI'),
('PB505', '12345', 'PEMBELI'),
('PB506', '12345', 'PEMBELI'),
('PB507', '12345', 'PEMBELI'),
('PB508', '12345', 'PEMBELI'),
('PB509', '12345', 'PEMBELI'),
('PB510', '12345', 'PEMBELI'),
('PB511', '12345', 'PEMBELI'),
('PB512', '12345', 'PEMBELI'),
('PB513', '12345', 'PEMBELI'),
('PB514', '12345', 'PEMBELI'),
('PB515', '12345', 'PEMBELI'),
('PB516', '12345', 'PEMBELI'),
('PB517', '12345', 'PEMBELI'),
('PB518', '12345', 'PEMBELI'),
('PB519', '12345', 'PEMBELI'),
('PB520', '12345', 'PEMBELI'),
('PB521', '12345', 'PEMBELI'),
('PB522', '12345', 'PEMBELI'),
('PB523', '12345', 'PEMBELI'),
('PB524', '12345', 'PEMBELI'),
('PB525', '12345', 'PEMBELI'),
('PB526', '12345', 'PEMBELI'),
('PB527', '12345', 'PEMBELI'),
('PB528', '12345', 'PEMBELI'),
('PG001', '12345678', 'ADMIN'),
('PG002', '12345', 'ADMIN'),
('PG003', '12345', 'KARYAWAN'),
('PG004', '12345', 'KARYAWAN'),
('SP001', '12345', 'SUPPLIER'),
('SP003', '12345', 'SUPPLIER'),
('SP004', '12345', 'SUPPLIER'),
('SP005', '12345', 'SUPPLIER'),
('SP006', '12345', 'SUPPLIER'),
('SP007', '12345', 'SUPPLIER'),
('SP008', '12345', 'SUPPLIER'),
('SP009', '12345', 'SUPPLIER'),
('SP010', '12345', 'SUPPLIER'),
('SP011', '12345', 'SUPPLIER'),
('SP012', '12345', 'SUPPLIER'),
('SP013', '12345', 'SUPPLIER'),
('SP014', '12345', 'SUPPLIER'),
('SP015', '12345', 'SUPPLIER'),
('SP016', '12345', 'SUPPLIER'),
('SP017', '12345', 'SUPPLIER'),
('SP018', '12345', 'SUPPLIER'),
('SP019', '12345', 'SUPPLIER'),
('SP020', '12345', 'SUPPLIER'),
('SP021', '12345', 'SUPPLIER'),
('SP022', '12345', 'SUPPLIER'),
('SP023', '12345', 'SUPPLIER');

--
-- Constraints for dumped tables
--

--
-- Constraints for table `laporan_pendapatan`
--
ALTER TABLE `laporan_pendapatan`
  ADD CONSTRAINT `laporan_pendapatan_ibfk_1` FOREIGN KEY (`id_tr_jual`) REFERENCES `transaksi_jual` (`id_tr_jual`) ON DELETE CASCADE ON UPDATE CASCADE;

--
-- Constraints for table `laporan_pengeluaran`
--
ALTER TABLE `laporan_pengeluaran`
  ADD CONSTRAINT `laporan_pengeluaran_ibfk_1` FOREIGN KEY (`id_tr_beli`) REFERENCES `transaksi_beli` (`id_tr_beli`) ON DELETE CASCADE ON UPDATE CASCADE;

--
-- Constraints for table `pembeli`
--
ALTER TABLE `pembeli`
  ADD CONSTRAINT `pembeli_ibfk_1` FOREIGN KEY (`id_pembeli`) REFERENCES `users` (`id_user`) ON DELETE CASCADE ON UPDATE CASCADE;

--
-- Constraints for table `petugas`
--
ALTER TABLE `petugas`
  ADD CONSTRAINT `petugas_ibfk_1` FOREIGN KEY (`id_petugas`) REFERENCES `users` (`id_user`) ON DELETE CASCADE ON UPDATE CASCADE;

--
-- Constraints for table `supplier`
--
ALTER TABLE `supplier`
  ADD CONSTRAINT `supplier_ibfk_1` FOREIGN KEY (`id_supplier`) REFERENCES `users` (`id_user`) ON DELETE CASCADE ON UPDATE CASCADE;

--
-- Constraints for table `transaksi_beli`
--
ALTER TABLE `transaksi_beli`
  ADD CONSTRAINT `transaksi_beli_ibfk_1` FOREIGN KEY (`id_barang`) REFERENCES `barang` (`id_barang`) ON DELETE CASCADE ON UPDATE CASCADE,
  ADD CONSTRAINT `transaksi_beli_ibfk_2` FOREIGN KEY (`id_supplier`) REFERENCES `supplier` (`id_supplier`) ON DELETE CASCADE ON UPDATE CASCADE,
  ADD CONSTRAINT `transaksi_beli_ibfk_3` FOREIGN KEY (`id_petugas`) REFERENCES `petugas` (`id_petugas`) ON DELETE CASCADE ON UPDATE CASCADE;

--
-- Constraints for table `transaksi_jual`
--
ALTER TABLE `transaksi_jual`
  ADD CONSTRAINT `transaksi_jual_ibfk_1` FOREIGN KEY (`id_petugas`) REFERENCES `petugas` (`id_petugas`) ON DELETE CASCADE ON UPDATE CASCADE,
  ADD CONSTRAINT `transaksi_jual_ibfk_2` FOREIGN KEY (`id_pembeli`) REFERENCES `pembeli` (`id_pembeli`) ON DELETE CASCADE ON UPDATE CASCADE,
  ADD CONSTRAINT `transaksi_jual_ibfk_3` FOREIGN KEY (`id_barang`) REFERENCES `barang` (`id_barang`) ON DELETE CASCADE ON UPDATE CASCADE;
COMMIT;

/*!40101 SET CHARACTER_SET_CLIENT=@OLD_CHARACTER_SET_CLIENT */;
/*!40101 SET CHARACTER_SET_RESULTS=@OLD_CHARACTER_SET_RESULTS */;
/*!40101 SET COLLATION_CONNECTION=@OLD_COLLATION_CONNECTION */;
